PSEUDO_PLAZA,SOSTENIMIENTO,CLAVE CT,NOMBRE CT,MUNICIPIO CT,LOCALIDAD CT,TIPO ASPIRANTE,FUNCIÓN Y CATALOGO,HORAS TRABAJO,NIVEL,SUBTIPO/MATERIA,IDIOMA,OBSERVACIONES,CORDE
,FEDERAL,21DPR0996D,16 DE SEPTIEMBRE,TOCHTEPEC,SAN MARTÍN CALTENCO,1. DOCENTE,DOCENTE: MAESTRA O MAESTRO DE GRUPO,JORNADA,03 - EDUCACION PRIMARIA,N/A,N/A,NINGUNA,TEPEACA
,FEDERAL,21DPR0170D,MAXIMINO AVILA CAMACHO,PALMAR DE BRAVO,CUESTA BLANCA,1. DOCENTE,DOCENTE: MAESTRA O MAESTRO DE GRUPO,JORNADA,03 - EDUCACION PRIMARIA,N/A,N/A,NINGUNA,CIUDAD SERDÁN
,FEDERAL,21DPR0725L,REVOLUCION,VICENTE GUERRERO,ALHUACA,1. DOCENTE,DOCENTE: MAESTRA O MAESTRO DE GRUPO,JORNADA,03 - EDUCACION PRIMARIA,N/A,N/A,NINGUNA,TEHUACÁN
,FEDERAL,21DPR2337H,JOSE MARIA MORELOS,COYOMEAPAN,SAN JUAN CUAUTLA,1. DOCENTE,DOCENTE: MAESTRA O MAESTRO DE GRUPO,JORNADA,03 - EDUCACION PRIMARIA,N/A,N/A,NINGUNA,TEHUACÁN
,FEDERAL,21DPR1063B,EL PENSADOR MEXICANO,TLAOLA,XOCHINANACATLAN,1. DOCENTE,DOCENTE: MAESTRA O MAESTRO DE GRUPO,JORNADA,03 - EDUCACION PRIMARIA,N/A,N/A,NINGUNA,HUAUCHINANGO
,FEDERAL,21DPR1600K,MIGUEL HIDALGO,CHINANTLA,CHINANTLA,1. DOCENTE,DOCENTE: MAESTRA O MAESTRO DE GRUPO,JORNADA,03 - EDUCACION PRIMARIA,N/A,N/A,NINGUNA,ACATLÁN
,FEDERAL,21DPR0484D,RODOLFO SANCHEZ TABOADA,TEPEACA,VICENTE GUERRERO,1. DOCENTE,DOCENTE: MAESTRA O MAESTRO DE GRUPO,JORNADA,03 - EDUCACION PRIMARIA,N/A,N/A,NINGUNA,TEPEACA
,FEDERAL,21DPR0658D,GENERAL JUAN ALVAREZ,TLAOLA,TLATLAPANALA,1. DOCENTE,DOCENTE: MAESTRA O MAESTRO DE GRUPO,JORNADA,03 - EDUCACION PRIMARIA,N/A,N/A,NINGUNA,HUAUCHINANGO
,FEDERAL,21DPR3033V,IGNACIO ZARAGOZA,TEPEMAXALCO,SAN FELIPE TEPEMAXALCO,1. DOCENTE,DOCENTE: MAESTRA O MAESTRO DE GRUPO,JORNADA,03 - EDUCACION PRIMARIA,N/A,N/A,NINGUNA,IZÚCAR DE MATAMOROS
,FEDERAL,21DPR0608W,VICENTE GUERRERO,TLACUILOTEPEC,ITZATLAN,1. DOCENTE,DOCENTE: MAESTRA O MAESTRO DE GRUPO,JORNADA,03 - EDUCACION PRIMARIA,N/A,N/A,NINGUNA,HUAUCHINANGO
,FEDERAL,21DPR0895F,IGNACIO ALLENDE,ZOQUITLÁN,COYOLAPA,1. DOCENTE,DOCENTE: MAESTRA O MAESTRO DE GRUPO,JORNADA,03 - EDUCACION PRIMARIA,N/A,N/A,NINGUNA,TEHUACÁN
,FEDERAL,21DPR1061D,IGNACIO ZARAGOZA,TLAOLA,CHICAHUAXTLA,1. DOCENTE,DOCENTE: MAESTRA O MAESTRO DE GRUPO,JORNADA,03 - EDUCACION PRIMARIA,N/A,N/A,NINGUNA,HUAUCHINANGO
,FEDERAL,21DPR0701B,XICOTENCATL,TOCHIMILCO,TECUANIPA (SAN MIGUEL TECUANIPA),1. DOCENTE,DOCENTE: MAESTRA O MAESTRO DE GRUPO,JORNADA,03 - EDUCACION PRIMARIA,N/A,N/A,NINGUNA,ATLIXCO
,FEDERAL,21DPR0608W,VICENTE GUERRERO,TLACUILOTEPEC,ITZATLAN,1. DOCENTE,DOCENTE: MAESTRA O MAESTRO DE GRUPO,JORNADA,03 - EDUCACION PRIMARIA,N/A,N/A,NINGUNA,HUAUCHINANGO
,FEDERAL,21DPR1327U,EMILIANO ZAPATA,COATZINGO,SAN VICENTE,1. DOCENTE,DOCENTE: MAESTRA O MAESTRO DE GRUPO,JORNADA,03 - EDUCACION PRIMARIA,N/A,N/A,NINGUNA,IZÚCAR DE MATAMOROS
,FEDERAL,21DPR1063B,EL PENSADOR MEXICANO,TLAOLA,XOCHINANACATLAN,1. DOCENTE,DOCENTE: MAESTRA O MAESTRO DE GRUPO,JORNADA,03 - EDUCACION PRIMARIA,N/A,N/A,NINGUNA,HUAUCHINANGO
,FEDERAL,21DPR3707Q,RICARDO REYES MARQUEZ,QUECHOLAC,PALMARITO TOCHAPAN,1. DOCENTE,DOCENTE: MAESTRA O MAESTRO DE GRUPO,JORNADA,03 - EDUCACION PRIMARIA,N/A,N/A,NINGUNA,TEPEACA
,FEDERAL,21DPR1500L,MARGARITA MAZA DE JUAREZ,GUADALUPE,SAN RAFAEL LA PAZ,1. DOCENTE,DOCENTE: MAESTRA O MAESTRO DE GRUPO,JORNADA,03 - EDUCACION PRIMARIA,N/A,N/A,NINGUNA,ACATLÁN
,FEDERAL,21DPR0725L,REVOLUCION,VICENTE GUERRERO,ALHUACA,1. DOCENTE,DOCENTE: MAESTRA O MAESTRO DE GRUPO,JORNADA,03 - EDUCACION PRIMARIA,N/A,N/A,NINGUNA,TEHUACÁN
,FEDERAL,21DPR0399G,CADETE VICENTE SUAREZ,TECAMACHALCO,SAN BALTAZAR,1. DOCENTE,DOCENTE: MAESTRA O MAESTRO DE GRUPO,JORNADA,03 - EDUCACION PRIMARIA,N/A,N/A,NINGUNA,TEPEACA
,FEDERAL,21DPR0895F,IGNACIO ALLENDE,ZOQUITLAN,COYOLAPA,1. DOCENTE,DOCENTE: MAESTRA O MAESTRO DE GRUPO,JORNADA,03 - EDUCACION PRIMARIA,N/A,N/A,NINGUNA,TEHUACÁN
,FEDERAL,21DPR0266Q,JOSE MARIA MORELOS,QUECHOLAC,SANTA CATARINA VILLANUEVA,1. DOCENTE,DOCENTE: MAESTRA O MAESTRO DE GRUPO,JORNADA,03 - EDUCACION PRIMARIA,N/A,N/A,NINGUNA,TEPEACA
,FEDERAL,21DPR2272O,IGNACIO ZARAGOZA,AHUATLAN,AHUATLAN,1. DOCENTE,DOCENTE: MAESTRA O MAESTRO DE GRUPO,JORNADA,03 - EDUCACION PRIMARIA,N/A,N/A,NINGUNA,IZÚCAR DE MATAMOROS
,FEDERAL,21DPR0725L,REVOLUCION,VICENTE GUERRERO,ALHUACA,1. DOCENTE,DOCENTE: MAESTRA O MAESTRO DE GRUPO,JORNADA,03 - EDUCACION PRIMARIA,N/A,N/A,NINGUNA,TEHUACÁN
,FEDERAL,21DPR2303R,JUSTO SIERRA,AJALPAN,HUITZMALOC,1. DOCENTE,DOCENTE: MAESTRA O MAESTRO DE GRUPO,JORNADA,03 - EDUCACION PRIMARIA,N/A,N/A,NINGUNA,TEHUACÁN
,FEDERAL,21DPR0608W,VICENTE GUERRERO,TLACUILOTEPEC,ITZATLAN,1. DOCENTE,DOCENTE: MAESTRA O MAESTRO DE GRUPO,JORNADA,03 - EDUCACION PRIMARIA,N/A,N/A,NINGUNA,HUAUCHINANGO
,FEDERAL,21DPR0266Q,JOSE MARIA MORELOS,QUECHOLAC,SANTA CATARINA VILLANUEVA,1. DOCENTE,DOCENTE: MAESTRA O MAESTRO DE GRUPO,JORNADA,03 - EDUCACION PRIMARIA,N/A,N/A,NINGUNA,TEPEACA
,FEDERAL,21DPR1572E,IGNACIO ALLENDE,HUATLATLAUCA,TEPETZITZINTLA,1. DOCENTE,DOCENTE: MAESTRA O MAESTRO DE GRUPO,JORNADA,03 - EDUCACION PRIMARIA,N/A,N/A,NINGUNA,TEPEXI DE RODRÍGUEZ
,FEDERAL,21DPR1044N,AQUILES SERDAN,TOCHIMILCO,GUADALUPE,1. DOCENTE,DOCENTE: MAESTRA O MAESTRO DE GRUPO,JORNADA,03 - EDUCACION PRIMARIA,N/A,N/A,NINGUNA,ATLIXCO
,FEDERAL,21DPR0898C,CUAUHTEMOC,ZOQUITLÁN,TEPEXILOTLA,1. DOCENTE,DOCENTE: MAESTRA O MAESTRO DE GRUPO,JORNADA,03 - EDUCACION PRIMARIA,N/A,N/A,NINGUNA,TEHUACÁN
,FEDERAL,21DPR1276D,MIGUEL HIDALGO,HUAQUECHULA,TLAPETLAHUAYA,1. DOCENTE,DOCENTE: MAESTRA O MAESTRO DE GRUPO,JORNADA,03 - EDUCACION PRIMARIA,N/A,N/A,NINGUNA,ATLIXCO
,FEDERAL,21DPR0399G,CADETE VICENTE SUAREZ,TECAMACHALCO,SAN BALTAZAR,1. DOCENTE,DOCENTE: MAESTRA O MAESTRO DE GRUPO,JORNADA,03 - EDUCACION PRIMARIA,N/A,N/A,NINGUNA,TEPEACA
,FEDERAL,21DPR3049W,EMILIANO ZAPATA,AJALPAN,XOCHITZINGA,1. DOCENTE,DOCENTE: MAESTRA O MAESTRO DE GRUPO,JORNADA,03 - EDUCACION PRIMARIA,N/A,N/A,NINGUNA,TEHUACÁN
,FEDERAL,21DPR2337H,JOSE MARIA MORELOS,COYOMEAPAN,SAN JUAN CUAUTLA,1. DOCENTE,DOCENTE: MAESTRA O MAESTRO DE GRUPO,JORNADA,03 - EDUCACION PRIMARIA,N/A,N/A,NINGUNA,TEHUACÁN
,FEDERAL,21DPR2771K,EMILIANO ZAPATA,ACATZINGO,HERNÁNDEZ,1. DOCENTE,DOCENTE: MAESTRA O MAESTRO DE GRUPO,JORNADA,03 - EDUCACION PRIMARIA,N/A,N/A,NINGUNA,TEPEACA
,FEDERAL,21DPR0608W,VICENTE GUERRERO,TLACUILOTEPEC,ITZATLÁN,1. DOCENTE,DOCENTE: MAESTRA O MAESTRO DE GRUPO,JORNADA,03 - EDUCACION PRIMARIA,N/A,N/A,NINGUNA,HUAUCHINANGO
,FEDERAL,21DPR1610R,GENERAL LAZARO CARDENAS,AHUEHUETITLA,AHUEHUETITLA,1. DOCENTE,DOCENTE: MAESTRA O MAESTRO DE GRUPO,JORNADA,03 - EDUCACION PRIMARIA,N/A,N/A,NINGUNA,ACATLÁN
,FEDERAL,21DPR2376J,PROFESOR  JUAN RAMIREZ RAMOS,ATZITZIHUACÁN,SAN FRANCISCO XOCHITEOPAN,1. DOCENTE,DOCENTE: MAESTRA O MAESTRO DE GRUPO,JORNADA,03 - EDUCACION PRIMARIA,N/A,N/A,NINGUNA,ATLIXCO
,FEDERAL,21DPR0775T,NARCISO MENDOZA,XOCHITLÁN TODOS SANTOS,XOCHITLÁN,1. DOCENTE,DOCENTE: MAESTRA O MAESTRO DE GRUPO,JORNADA,03 - EDUCACION PRIMARIA,N/A,N/A,NINGUNA,TEPEACA
,FEDERAL,21DPR0631X,VICENTE GUERRERO,TLACHICHUCA,SAN MIGUEL ZOAPAN,1. DOCENTE,DOCENTE: MAESTRA O MAESTRO DE GRUPO,JORNADA,03 - EDUCACION PRIMARIA,N/A,N/A,NINGUNA,CIUDAD SERDÁN
,FEDERAL,21DPR2272O,IGNACIO ZARAGOZA,AHUATLAN,AHUATLAN,1. DOCENTE,DOCENTE: MAESTRA O MAESTRO DE GRUPO,JORNADA,03 - EDUCACION PRIMARIA,N/A,N/A,NINGUNA,IZÚCAR DE MATAMOROS
,FEDERAL,21DPR0611J,AQUILES SERDAN,TLACUILOTEPEC,PAPALOCTIPAN,1. DOCENTE,DOCENTE: MAESTRA O MAESTRO DE GRUPO,JORNADA,03 - EDUCACION PRIMARIA,N/A,N/A,NINGUNA,HUAUCHINANGO
,FEDERAL,21DPR2844M,PROGRESO,VICENTE GUERRERO,YAHUALUTZINGO,1. DOCENTE,DOCENTE: MAESTRA O MAESTRO DE GRUPO,JORNADA,03 - EDUCACION PRIMARIA,N/A,N/A,NINGUNA,TEHUACÁN
,FEDERAL,21DPR3554C,20 DE NOVIEMBRE,PALMAR DE BRAVO,SAN MIGUEL XALTEPEC,1. DOCENTE,DOCENTE: MAESTRA O MAESTRO DE GRUPO,JORNADA,03 - EDUCACION PRIMARIA,N/A,N/A,NINGUNA,CIUDAD SERDÁN
,FEDERAL,21DPR0484D,RODOLFO SANCHEZ TABOADA,TEPEACA,VICENTE GUERRERO,1. DOCENTE,DOCENTE: MAESTRA O MAESTRO DE GRUPO,JORNADA,03 - EDUCACION PRIMARIA,N/A,N/A,NINGUNA,TEPEACA
,FEDERAL,21DPR1565V,ARTICULO 27 CONSTITUCIONAL,PUEBLA,SANTA MARIA GUADALUPE TECOLA,1. DOCENTE,DOCENTE: MAESTRA O MAESTRO DE GRUPO,JORNADA,03 - EDUCACION PRIMARIA,N/A,N/A,NINGUNA,PUEBLA SUR
,FEDERAL,21DPR0725L,REVOLUCION,VICENTE GUERRERO,ALHUACA,1. DOCENTE,DOCENTE: MAESTRA O MAESTRO DE GRUPO,JORNADA,03 - EDUCACION PRIMARIA,N/A,N/A,NINGUNA,TEHUACÁN
,FEDERAL,21DPR1602I,EMILIO CARRANZA,AHUEHUETITLA,SAN VICENTE EL PEÑON,1. DOCENTE,DOCENTE: MAESTRA O MAESTRO DE GRUPO,JORNADA,03 - EDUCACION PRIMARIA,N/A,N/A,NINGUNA,ACATLÁN
,FEDERAL,21DPR1954L,GENERAL LAZARO CARDENAS,CHILA,FRANCISCO IBARRA RAMOS,1. DOCENTE,DOCENTE: MAESTRA O MAESTRO DE GRUPO,JORNADA,03 - EDUCACION PRIMARIA,N/A,N/A,NINGUNA,ACATLÁN
,FEDERAL,21DPR0443D,HEROES DEL SESENTA Y DOS,TEHUITZINGO,SAN FRANCISCO DE ASÍS,1. DOCENTE,DOCENTE: MAESTRA O MAESTRO DE GRUPO,JORNADA,03 - EDUCACION PRIMARIA,N/A,N/A,NINGUNA,ACATLÁN
,FEDERAL,21DPR1602I,EMILIO CARRANZA,AHUEHUETITLA,SAN VICENTE EL PEÑON,1. DOCENTE,DOCENTE: MAESTRA O MAESTRO DE GRUPO,JORNADA,03 - EDUCACION PRIMARIA,N/A,N/A,NINGUNA,ACATLÁN
,FEDERAL,21DPR0991I,BENITO JUAREZ,TEHUITZINGO,TEHUITZINGO,1. DOCENTE,DOCENTE: MAESTRA O MAESTRO DE GRUPO,JORNADA,03 - EDUCACION PRIMARIA,N/A,N/A,NINGUNA,ACATLÁN
,FEDERAL,21DPR1555O,IGNACIO ALLENDE,CUAUTINCHÁN,SAN JERÓNIMO ALMOLOYA,1. DOCENTE,DOCENTE: MAESTRA O MAESTRO DE GRUPO,JORNADA,03 - EDUCACION PRIMARIA,N/A,N/A,NINGUNA,TEPEACA
,FEDERAL,21DPR1539X,RICARDO FLORES MAGON,ATLIXCO,SANTA LUCIA COSAMALOAPAN,1. DOCENTE,DOCENTE: MAESTRA O MAESTRO DE GRUPO,JORNADA,03 - EDUCACION PRIMARIA,N/A,N/A,NINGUNA,ATLIXCO
,FEDERAL,21DPR1539X,RICARDO FLORES MAGON,ATLIXCO,SANTA LUCIA COSAMALOAPAN,1. DOCENTE,DOCENTE: MAESTRA O MAESTRO DE GRUPO,JORNADA,03 - EDUCACION PRIMARIA,N/A,N/A,NINGUNA,ATLIXCO
,FEDERAL,21DPR1044N,AQUILES SERDAN,TOCHIMILCO,GUADALUPE,1. DOCENTE,DOCENTE: MAESTRA O MAESTRO DE GRUPO,JORNADA,03 - EDUCACION PRIMARIA,N/A,N/A,NINGUNA,ATLIXCO
,FEDERAL,21DPR0775T,NARCISO MENDOZA,XOCHITLÁN TODOS SANTOS,XOCHITLÁN,1. DOCENTE,DOCENTE: MAESTRA O MAESTRO DE GRUPO,JORNADA,03 - EDUCACION PRIMARIA,N/A,N/A,NINGUNA,TEPEACA
,FEDERAL,21DPR3563K,ANDRES QUINTANA ROO,GENERAL FELIPE ÁNGELES,SANTA ÚRSULA CHICONQUIAC,1. DOCENTE,DOCENTE: MAESTRA O MAESTRO DE GRUPO,JORNADA,03 - EDUCACION PRIMARIA,N/A,N/A,NINGUNA,TEPEACA
,FEDERAL,21DPR3408S,CUAUHTEMOC,PALMAR DE BRAVO,CUESTA BLANCA,1. DOCENTE,DOCENTE: MAESTRA O MAESTRO DE GRUPO,JORNADA,03 - EDUCACION PRIMARIA,N/A,N/A,NINGUNA,CIUDAD SERDÁN
,FEDERAL,21DPR2818O,IGNACIO ZARAGOZA,PALMAR DE BRAVO,SAN MIGUEL XALTEPEC,1. DOCENTE,DOCENTE: MAESTRA O MAESTRO DE GRUPO,JORNADA,03 - EDUCACION PRIMARIA,N/A,N/A,NINGUNA,CIUDAD SERDÁN
,FEDERAL,21DPR2514V,LICENCIADO JOSE VASCONCELOS,IXCAMILPA DE GUERRERO,TOLTECAMILA,1. DOCENTE,DOCENTE: MAESTRA O MAESTRO DE GRUPO,JORNADA,03 - EDUCACION PRIMARIA,N/A,N/A,NINGUNA,IZÚCAR DE MATAMOROS
,FEDERAL,21DPR1003N,MELCHOR OCAMPO,CHICHIQUILA,EL PALMAR,1. DOCENTE,DOCENTE: MAESTRA O MAESTRO DE GRUPO,JORNADA,03 - EDUCACION PRIMARIA,N/A,N/A,NINGUNA,LIBRES
,FEDERAL,21DPR1003N,MELCHOR OCAMPO,CHICHIQUILA,EL PALMAR,1. DOCENTE,DOCENTE: MAESTRA O MAESTRO DE GRUPO,JORNADA,03 - EDUCACION PRIMARIA,N/A,N/A,NINGUNA,LIBRES
,FEDERAL,21DPR0775T,NARCISO MENDOZA,XOCHITLÁN TODOS SANTOS,XOCHITLÁN,1. DOCENTE,DOCENTE: MAESTRA O MAESTRO DE GRUPO,JORNADA,03 - EDUCACION PRIMARIA,N/A,N/A,NINGUNA,TEPEACA
,FEDERAL,21DPR0657E,IGNACIO ZARAGOZA,TLAOLA,TLALTEPANGO,1. DOCENTE,DOCENTE: MAESTRA O MAESTRO DE GRUPO,JORNADA,03 - EDUCACION PRIMARIA,N/A,N/A,NINGUNA,HUAUCHINANGO
,FEDERAL,21DPR1939T,VICENTE GUERRERO,PALMAR DE BRAVO,LA PURÍSIMA,1. DOCENTE,DOCENTE: MAESTRA O MAESTRO DE GRUPO,JORNADA,03 - EDUCACION PRIMARIA,N/A,N/A,NINGUNA,CIUDAD SERDÁN
,FEDERAL,21DPR0264S,MIGUEL HIDALGO,QUECHOLAC,SAN SIMÓN DE BRAVO,1. DOCENTE,DOCENTE: MAESTRA O MAESTRO DE GRUPO,JORNADA,03 - EDUCACION PRIMARIA,N/A,N/A,NINGUNA,TEPEACA
,FEDERAL,21DPR2303R,JUSTO SIERRA,AJALPAN,HUITZMALOC,1. DOCENTE,DOCENTE: MAESTRA O MAESTRO DE GRUPO,JORNADA,03 - EDUCACION PRIMARIA,N/A,N/A,NINGUNA,TEHUACÁN
,FEDERAL,21DPR1807B,HERMANOS FLORES MAGON,ELOXOCHITLAN,LOMA BONITA,1. DOCENTE,DOCENTE: MAESTRA O MAESTRO DE GRUPO,JORNADA,03 - EDUCACION PRIMARIA,N/A,N/A,NINGUNA,TEHUACÁN
,FEDERAL,21DPR1807B,HERMANOS FLORES MAGON,ELOXOCHITLAN,LOMA BONITA,1. DOCENTE,DOCENTE: MAESTRA O MAESTRO DE GRUPO,JORNADA,03 - EDUCACION PRIMARIA,N/A,N/A,NINGUNA,TEHUACÁN
,FEDERAL,21DPR1807B,HERMANOS FLORES MAGON,ELOXOCHITLAN,LOMA BONITA,1. DOCENTE,DOCENTE: MAESTRA O MAESTRO DE GRUPO,JORNADA,03 - EDUCACION PRIMARIA,N/A,N/A,NINGUNA,TEHUACÁN
,FEDERAL,21DPR1807B,HERMANOS FLORES MAGON,ELOXOCHITLAN,LOMA BONITA,1. DOCENTE,DOCENTE: MAESTRA O MAESTRO DE GRUPO,JORNADA,03 - EDUCACION PRIMARIA,N/A,N/A,NINGUNA,TEHUACÁN
,FEDERAL,21DPR1807B,HERMANOS FLORES MAGON,ELOXOCHITLAN,LOMA BONITA,1. DOCENTE,DOCENTE: MAESTRA O MAESTRO DE GRUPO,JORNADA,03 - EDUCACION PRIMARIA,N/A,N/A,NINGUNA,TEHUACÁN
,FEDERAL,21DPR1794O,FRANCISCO I. MADERO,SAN SEBASTIAN TLACOTEPEC,TENTZIANTLA,1. DOCENTE,DOCENTE: MAESTRA O MAESTRO DE GRUPO,JORNADA,03 - EDUCACION PRIMARIA,N/A,N/A,NINGUNA,TEHUACÁN
,FEDERAL,21DPR1794O,FRANCISCO I. MADERO,SAN SEBASTIAN TLACOTEPEC,TENTZIANTLA,1. DOCENTE,DOCENTE: MAESTRA O MAESTRO DE GRUPO,JORNADA,03 - EDUCACION PRIMARIA,N/A,N/A,NINGUNA,TEHUACÁN
,FEDERAL,21DPR1794O,FRANCISCO I. MADERO,SAN SEBASTIAN TLACOTEPEC,TENTZIANTLA,1. DOCENTE,DOCENTE: MAESTRA O MAESTRO DE GRUPO,JORNADA,03 - EDUCACION PRIMARIA,N/A,N/A,NINGUNA,TEHUACÁN
,FEDERAL,21DPR1794O,FRANCISCO I. MADERO,SAN SEBASTIAN TLACOTEPEC,TENTZIANTLA,1. DOCENTE,DOCENTE: MAESTRA O MAESTRO DE GRUPO,JORNADA,03 - EDUCACION PRIMARIA,N/A,N/A,NINGUNA,TEHUACÁN
,FEDERAL,21DPR1794O,FRANCISCO I. MADERO,SAN SEBASTIAN TLACOTEPEC,TENTZIANTLA,1. DOCENTE,DOCENTE: MAESTRA O MAESTRO DE GRUPO,JORNADA,03 - EDUCACION PRIMARIA,N/A,N/A,NINGUNA,TEHUACÁN
,FEDERAL,21DPR1106J,BENITO JUAREZ,ELOXOCHITLAN,XONOTIPAN DE JUAREZ,1. DOCENTE,DOCENTE: MAESTRA O MAESTRO DE GRUPO,JORNADA,03 - EDUCACION PRIMARIA,N/A,N/A,NINGUNA,TEHUACÁN
,FEDERAL,21DPR0895F,IGNACIO ALLENDE,ZOQUITLAN,COYOLAPA,1. DOCENTE,DOCENTE: MAESTRA O MAESTRO DE GRUPO,JORNADA,03 - EDUCACION PRIMARIA,N/A,N/A,NINGUNA,TEHUACÁN
,FEDERAL,21DPR0895F,IGNACIO ALLENDE,ZOQUITLAN,COYOLAPA,1. DOCENTE,DOCENTE: MAESTRA O MAESTRO DE GRUPO,JORNADA,03 - EDUCACION PRIMARIA,N/A,N/A,NINGUNA,TEHUACÁN
,FEDERAL,21DPR3637L,SATURNINA MARTINEZ RAMIREZ,ACATZINGO,SAN SEBASTIAN VILLANUEVA,1. DOCENTE,DOCENTE: MAESTRA O MAESTRO DE GRUPO,JORNADA,03 - EDUCACION PRIMARIA,N/A,N/A,NINGUNA,TEPEACA
,FEDERAL,21DPR2136K,JOSE MARIA MORELOS,GENERAL FELIPE ÁNGELES,SANTIAGO TENANGO,1. DOCENTE,DOCENTE: MAESTRA O MAESTRO DE GRUPO,JORNADA,03 - EDUCACION PRIMARIA,N/A,N/A,NINGUNA,TEPEACA
,FEDERAL,21DPR3473S,GREGORIO TORRES QUINTERO,LOS REYES DE JUAREZ,LOS REYES DE JUAREZ,1. DOCENTE,DOCENTE: MAESTRA O MAESTRO DE GRUPO,JORNADA,03 - EDUCACION PRIMARIA,N/A,N/A,NINGUNA,TEPEACA
,FEDERAL,21DPR0707W,FRANCISCO I. MADERO,TOCHTEPEC,SAN BARTOLOME TEPETLACALTECHCO,1. DOCENTE,DOCENTE: MAESTRA O MAESTRO DE GRUPO,JORNADA,03 - EDUCACION PRIMARIA,N/A,N/A,NINGUNA,TEPEACA
,FEDERAL,21DPR3401Z,MIGUEL HIDALGO,YEHUALTEPEC,SAN MIGUEL ZOZUTLA,1. DOCENTE,DOCENTE: MAESTRA O MAESTRO DE GRUPO,JORNADA,03 - EDUCACION PRIMARIA,N/A,N/A,NINGUNA,TEPEACA
,FEDERAL,21DPR2890Y,TENOCHTITLAN,YEHUALTEPEC,SAN GABRIEL TETZOYOCAN,1. DOCENTE,DOCENTE: MAESTRA O MAESTRO DE GRUPO,JORNADA,03 - EDUCACION PRIMARIA,N/A,N/A,NINGUNA,TEPEACA
,FEDERAL,21DPR2687M,VICENTE LOMBARDO TOLEDANO,QUECHOLAC,PALMARITO TOCHAPAN,1. DOCENTE,DOCENTE: MAESTRA O MAESTRO DE GRUPO,JORNADA,03 - EDUCACION PRIMARIA,N/A,N/A,NINGUNA,TEPEACA
,FEDERAL,21DPR3718W,MARGARITA MAZA DE JUAREZ,LOS REYES DE JUÁREZ,LOS REYES DE JUÁREZ,1. DOCENTE,DOCENTE: MAESTRA O MAESTRO DE GRUPO,JORNADA,03 - EDUCACION PRIMARIA,N/A,N/A,NINGUNA,TEPEACA
,FEDERAL,21DPR2631K,CALMECAC,XOCHITLAN TODOS SANTOS,XOCHITLAN,1. DOCENTE,DOCENTE: MAESTRA O MAESTRO DE GRUPO,JORNADA,03 - EDUCACION PRIMARIA,N/A,N/A,NINGUNA,TEPEACA
,FEDERAL,21DPR2325C,MIGUEL ALEMAN,ACATZINGO,NICOLAS BRAVO,1. DOCENTE,DOCENTE: MAESTRA O MAESTRO DE GRUPO,JORNADA,03 - EDUCACION PRIMARIA,N/A,N/A,NINGUNA,TEPEACA
,FEDERAL,21DPR2325C,MIGUEL ALEMAN,ACATZINGO,NICOLAS BRAVO,1. DOCENTE,DOCENTE: MAESTRA O MAESTRO DE GRUPO,JORNADA,03 - EDUCACION PRIMARIA,N/A,N/A,NINGUNA,TEPEACA
,FEDERAL,21DPR2324D,MIGUEL HIDALGO,ACATZINGO,PROGRESO DE JUAREZ,1. DOCENTE,DOCENTE: MAESTRA O MAESTRO DE GRUPO,JORNADA,03 - EDUCACION PRIMARIA,N/A,N/A,NINGUNA,TEPEACA
,FEDERAL,21DPR0484D,RODOLFO SANCHEZ TABOADA,TEPEACA,VICENTE GUERRERO,1. DOCENTE,DOCENTE: MAESTRA O MAESTRO DE GRUPO,JORNADA,03 - EDUCACION PRIMARIA,N/A,N/A,NINGUNA,TEPEACA
,FEDERAL,21DPR1556N,LEONA VICARIO,CUAUTINCHAN,ALPATLAHUAC (SAN PEDRO ALPATLAHUAC),1. DOCENTE,DOCENTE: MAESTRA O MAESTRO DE GRUPO,JORNADA,03 - EDUCACION PRIMARIA,N/A,N/A,NINGUNA,TEPEACA
,FEDERAL,21DPR0882B,IGNACIO ALLENDE,TEPEACA,SAN PABLO ACTIPAN,1. DOCENTE,DOCENTE: MAESTRA O MAESTRO DE GRUPO,JORNADA,03 - EDUCACION PRIMARIA,N/A,N/A,NINGUNA,TEPEACA
,FEDERAL,21DPR0479S,BENITO JUAREZ,TEPEACA,SAN NICOLAS ZOYAPETLAYOCA,1. DOCENTE,DOCENTE: MAESTRA O MAESTRO DE GRUPO,JORNADA,03 - EDUCACION PRIMARIA,N/A,N/A,NINGUNA,TEPEACA
,FEDERAL,21DPR0479S,BENITO JUAREZ,TEPEACA,SAN NICOLAS ZOYAPETLAYOCA,1. DOCENTE,DOCENTE: MAESTRA O MAESTRO DE GRUPO,JORNADA,03 - EDUCACION PRIMARIA,N/A,N/A,NINGUNA,TEPEACA
,FEDERAL,21DPR0473Y,IGNACIO ZARAGOZA,TEPEACA,SAN CRISTOBAL HIDALGO,1. DOCENTE,DOCENTE: MAESTRA O MAESTRO DE GRUPO,JORNADA,03 - EDUCACION PRIMARIA,N/A,N/A,NINGUNA,TEPEACA
,FEDERAL,21DPR0399G,CADETE VICENTE SUAREZ,TECAMACHALCO,SAN BALTAZAR,1. DOCENTE,DOCENTE: MAESTRA O MAESTRO DE GRUPO,JORNADA,03 - EDUCACION PRIMARIA,N/A,N/A,NINGUNA,TEPEACA
,FEDERAL,21DPR0398H,MIGUEL HIDALGO,TECAMACHALCO,SAN ANTONIO TECOLCO,1. DOCENTE,DOCENTE: MAESTRA O MAESTRO DE GRUPO,JORNADA,03 - EDUCACION PRIMARIA,N/A,N/A,NINGUNA,TEPEACA
,FEDERAL,21DPR0277W,BENITO JUAREZ,LOS REYES DE JUAREZ,SANTIAGO ACOZAC,1. DOCENTE,DOCENTE: MAESTRA O MAESTRO DE GRUPO,JORNADA,03 - EDUCACION PRIMARIA,N/A,N/A,NINGUNA,TEPEACA
,FEDERAL,21DPR0275y,REPUBLICA ARGENTINA,LOS REYES DE JUAREZ,LA CONCORDIA,1. DOCENTE,DOCENTE: MAESTRA O MAESTRO DE GRUPO,JORNADA,03 - EDUCACION PRIMARIA,N/A,N/A,NINGUNA,TEPEACA
,FEDERAL,21DPR2303R,JUSTO SIERRA,AJALPAN,HUITZMALOC,1. DOCENTE,DOCENTE: MAESTRA O MAESTRO DE GRUPO,JORNADA,03 - EDUCACION PRIMARIA,N/A,N/A,NINGUNA,TEHUACÁN
,FEDERAL,21DPR1573D,JUSTO SIERRA MENDEZ,SAN JUAN ATZOMPA,SAN JUAN ATZOMPA,1. DOCENTE,DOCENTE: MAESTRA O MAESTRO DE GRUPO,JORNADA,03 - EDUCACION PRIMARIA,N/A,N/A,NINGUNA,TEPEXI DE RODRÍGUEZ
,FEDERAL,21DPR1571F,VALENTIN GOMEZ FARIAS,HUATLATLAUCA,TEPANACITLA (GUADALUPE TEPANACITLA),1. DOCENTE,DOCENTE: MAESTRA O MAESTRO DE GRUPO,JORNADA,03 - EDUCACION PRIMARIA,N/A,N/A,NINGUNA,TEPEXI DE RODRÍGUEZ
,FEDERAL,21DPR0441F,ENRIQUE G. LEON URIBE,TEHUITZINGO,LA NORIA HIDALGO,1. DOCENTE,DOCENTE: MAESTRA O MAESTRO DE GRUPO,JORNADA,03 - EDUCACION PRIMARIA,N/A,N/A,NINGUNA,ACATLÁN
,FEDERAL,21DPR1610R,GENERAL LAZARO CARDENAS,AHUEHUETITLA,AHUEHUETITLA,1. DOCENTE,DOCENTE: MAESTRA O MAESTRO DE GRUPO,JORNADA,03 - EDUCACION PRIMARIA,N/A,N/A,NINGUNA,ACATLÁN
,FEDERAL,21DPR0406Z,AMADO NERVO,TECAMACHALCO,LA SOLEDAD,1. DOCENTE,DOCENTE: MAESTRA O MAESTRO DE GRUPO,JORNADA,03 - EDUCACION PRIMARIA,N/A,N/A,NINGUNA,TEPEACA
,FEDERAL,21DPR0276X,MELCHOR OCAMPO,LOS REYES DE JUAREZ,SAN JUAN ACOZAC,1. DOCENTE,DOCENTE: MAESTRA O MAESTRO DE GRUPO,JORNADA,03 - EDUCACION PRIMARIA,N/A,N/A,NINGUNA,TEPEACA
,FEDERAL,21DPR3637L,SATURNINA MARTINEZ RAMIREZ,ACATZINGO,SAN SEBASTIÁN VILLANUEVA,1. DOCENTE,DOCENTE: MAESTRA O MAESTRO DE GRUPO,JORNADA,03 - EDUCACION PRIMARIA,N/A,N/A,NINGUNA,TEPEACA
,FEDERAL,21DPR1975Y,LEONARDO BRAVO,CHALCHICOMULA DE SESMA,SAN ISIDRO CANOAS ALTAS,1. DOCENTE,DOCENTE: MAESTRA O MAESTRO DE GRUPO,JORNADA,03 - EDUCACION PRIMARIA,N/A,N/A,NINGUNA,CIUDAD SERDÁN
,FEDERAL,21DPR2303R,JUSTO SIERRA,AJALPAN,HUITZMALOC,1. DOCENTE,DOCENTE: MAESTRA O MAESTRO DE GRUPO,JORNADA,03 - EDUCACION PRIMARIA,N/A,N/A,NINGUNA,TEHUACÁN
,FEDERAL,21DPR0265R,CUAUHTEMOC,QUECHOLAC,SAN JOSE TUZUAPAN,1. DOCENTE,DOCENTE: MAESTRA O MAESTRO DE GRUPO,JORNADA,03 - EDUCACION PRIMARIA,N/A,N/A,NINGUNA,TEPEACA
,FEDERAL,21DPR0996D,16 DE SEPTIEMBRE,TOCHTEPEC,SAN MARTIN CALTENCO,1. DOCENTE,DOCENTE: MAESTRA O MAESTRO DE GRUPO,JORNADA,03 - EDUCACION PRIMARIA,N/A,N/A,NINGUNA,TEPEACA
,FEDERAL,21DPR0483E,VICENTE GUERRERO,TEPEACA,TLAYOATLA JOYA DE RODRIGUEZ,1. DOCENTE,DOCENTE: MAESTRA O MAESTRO DE GRUPO,JORNADA,03 - EDUCACION PRIMARIA,N/A,N/A,NINGUNA,TEPEACA
,FEDERAL,21DPR1559k,EL PORVENIR,TZICATLACOYAN,SAN ANTONIO JUÁREZ,1. DOCENTE,DOCENTE: MAESTRA O MAESTRO DE GRUPO,JORNADA,03 - EDUCACION PRIMARIA,N/A,N/A,NINGUNA,TEPEACA
,FEDERAL,21DPR2313Y,5 DE MAYO,ACATZINGO,SAN SEBASTIAN VILLANUEVA,1. DOCENTE,DOCENTE: MAESTRA O MAESTRO DE GRUPO,JORNADA,03 - EDUCACION PRIMARIA,N/A,N/A,NINGUNA,TEPEACA
,FEDERAL,21DPR0775T,NARCISO MENDOZA,XOCHITLÁN TODOS SANTOS,XOCHITLÁN,1. DOCENTE,DOCENTE: MAESTRA O MAESTRO DE GRUPO,JORNADA,03 - EDUCACION PRIMARIA,N/A,N/A,NINGUNA,TEPEACA
,FEDERAL,21DPR2313Y,5 DE MAYO,ACATZINGO,SAN SEBASTIAN VILLANUEVA,1. DOCENTE,DOCENTE: MAESTRA O MAESTRO DE GRUPO,JORNADA,03 - EDUCACION PRIMARIA,N/A,N/A,NINGUNA,TEPEACA
,FEDERAL,21DPR1277C,AÑO INTERNACIONAL DEL NIÑO,SAN SALVADOR HUIXCOLOTLA,SAN SALVADOR HUIXCOLOTLA,1. DOCENTE,DOCENTE: MAESTRA O MAESTRO DE GRUPO,JORNADA,03 - EDUCACION PRIMARIA,N/A,N/A,NINGUNA,TEPEACA
,FEDERAL,21DPR2313Y,5 DE MAYO,ACATZINGO,SAN SEBASTIAN VILLANUEVA,1. DOCENTE,DOCENTE: MAESTRA O MAESTRO DE GRUPO,JORNADA,03 - EDUCACION PRIMARIA,N/A,N/A,NINGUNA,TEPEACA
,FEDERAL,21DPR0399G,CADETE VICENTE SUAREZ,TECAMACHALCO,SAN BALTAZAR,1. DOCENTE,DOCENTE: MAESTRA O MAESTRO DE GRUPO,JORNADA,03 - EDUCACION PRIMARIA,N/A,N/A,NINGUNA,TEPEACA
,FEDERAL,21DPR2093C,MELCHOR OCAMPO,CUAYUCA DE ANDRADE,SAN PEDRO CUAYUCA,1. DOCENTE,DOCENTE: MAESTRA O MAESTRO DE GRUPO,JORNADA,03 - EDUCACION PRIMARIA,N/A,N/A,NINGUNA,ACATLÁN
,FEDERAL,21DPR1814L,IGNACIO MANUEL ALTAMIRANO,ATLIXCO,SAN ESTEBAN ZOAPILTEPEC,1. DOCENTE,DOCENTE: MAESTRA O MAESTRO DE GRUPO,JORNADA,03 - EDUCACION PRIMARIA,N/A,N/A,NINGUNA,ATLIXCO
,FEDERAL,21DPR0899B,FELIPE CARRILLO PUERTO,ATZITZINTLA,SANTA CRUZ TEXMALAQUILLA,1. DOCENTE,DOCENTE: MAESTRA O MAESTRO DE GRUPO,JORNADA,03 - EDUCACION PRIMARIA,N/A,N/A,NINGUNA,CIUDAD SERDÁN
,FEDERAL,21DPR0899B,FELIPE CARRILLO PUERTO,ATZITZINTLA,SANTA CRUZ TEXMALAQUILLA,1. DOCENTE,DOCENTE: MAESTRA O MAESTRO DE GRUPO,JORNADA,03 - EDUCACION PRIMARIA,N/A,N/A,NINGUNA,CIUDAD SERDÁN
,FEDERAL,21DPR1092X,ESTADOS UNIDOS MEXICANOS,PALMAR DE BRAVO,BELLAVISTA DE VICTORIA (SAN JOSÉ BELLAVISTA),1. DOCENTE,DOCENTE: MAESTRA O MAESTRO DE GRUPO,JORNADA,03 - EDUCACION PRIMARIA,N/A,N/A,NINGUNA,CIUDAD SERDÁN
,FEDERAL,21DPR0265R,CUAUHTEMOC,QUECHOLAC,SAN JOSE TUZUAPAN,1. DOCENTE,DOCENTE: MAESTRA O MAESTRO DE GRUPO,JORNADA,03 - EDUCACION PRIMARIA,N/A,N/A,NINGUNA,TEPEACA
,FEDERAL,21DPR3707Q,RICARDO REYES MARQUEZ,QUECHOLAC,PALMARITO TOCHAPAN,1. DOCENTE,DOCENTE: MAESTRA O MAESTRO DE GRUPO,JORNADA,03 - EDUCACION PRIMARIA,N/A,N/A,NINGUNA,TEPEACA
,FEDERAL,21DPR0452L,MARIANO ESCOBEDO,TEHUITZINGO,TUZANTLAN (MARIANO ESCOBEDO),1. DOCENTE,DOCENTE: MAESTRA O MAESTRO DE GRUPO,JORNADA,03 - EDUCACION PRIMARIA,N/A,N/A,NINGUNA,ACATLÁN
,FEDERAL,21DPR0273Z,MAXIMINO AVILA CAMACHO,LOS REYES DE JUAREZ,LOS REYES DE JUAREZ,1. DOCENTE,DOCENTE: MAESTRA O MAESTRO DE GRUPO,JORNADA,03 - EDUCACION PRIMARIA,N/A,N/A,NINGUNA,TEPEACA
,FEDERAL,21DPR0483E,VICENTE GUERRERO,TEPEACA,TLAYOATLA JOYA DE RODRÍGUEZ,1. DOCENTE,DOCENTE: MAESTRA O MAESTRO DE GRUPO,JORNADA,03 - EDUCACION PRIMARIA,N/A,N/A,NINGUNA,TEPEACA
,FEDERAL,21DPR1109G,IGNACIO ZARAGOZA,GENERAL FELIPE ÁNGELES,SAN ANTONIO PORTEZUELO,1. DOCENTE,DOCENTE: MAESTRA O MAESTRO DE GRUPO,JORNADA,03 - EDUCACION PRIMARIA,N/A,N/A,NINGUNA,TEPEACA
,FEDERAL,21DPR2183V,BRAULIO RODRIGUEZ,CUAUTINCHÁN,CONCEPCIÓN PARDIÑAS,1. DOCENTE,DOCENTE: MAESTRA O MAESTRO DE GRUPO,JORNADA,03 - EDUCACION PRIMARIA,N/A,N/A,NINGUNA,TEPEACA
,FEDERAL,21DPR1953M,MIGUEL HIDALGO,QUECHOLAC,GUADALUPE ENRIQUEZ,1. DOCENTE,DOCENTE: MAESTRA O MAESTRO DE GRUPO,JORNADA,03 - EDUCACION PRIMARIA,N/A,N/A,NINGUNA,TEPEACA
,FEDERAL,21DPR2135L,VICENTE GUERRERO,GENERAL FELIPE ANGELES,CANDELARIA PORTEZUELO,1. DOCENTE,DOCENTE: MAESTRA O MAESTRO DE GRUPO,JORNADA,03 - EDUCACION PRIMARIA,N/A,N/A,NINGUNA,TEPEACA
,FEDERAL,21DPR2258V,MTRO. RAUL ISIDRO BURGOS,QUECHOLAC,PALMARITO TOCHAPAN,1. DOCENTE,DOCENTE: MAESTRA O MAESTRO DE GRUPO,JORNADA,03 - EDUCACION PRIMARIA,N/A,N/A,NINGUNA,TEPEACA
,FEDERAL,21DPR0273Z,MAXIMINO AVILA CAMACHO,LOS REYES DE JUÁREZ,BENITO JUÁREZ,1. DOCENTE,DOCENTE: MAESTRA O MAESTRO DE GRUPO,JORNADA,03 - EDUCACION PRIMARIA,N/A,N/A,NINGUNA,TEPEACA
,FEDERAL,21DPR1061D,IGNACIO ZARAGOZA,TLAOLA,CHICAHUAXTLA,1. DOCENTE,DOCENTE: MAESTRA O MAESTRO DE GRUPO,JORNADA,03 - EDUCACION PRIMARIA,N/A,N/A,NINGUNA,HUAUCHINANGO
,FEDERAL,21DPR0775T,NARCISO MENDOZA,XOCHITLAN TODOS SANTOS,XOCHITLAN,1. DOCENTE,DOCENTE: MAESTRA O MAESTRO DE GRUPO,JORNADA,03 - EDUCACION PRIMARIA,N/A,N/A,NINGUNA,TEPEACA
,FEDERAL,21DPR1976X,AGUSTIN MELGAR,CHALCHICOMULA DE SESMA,ALVARO OBREGON,1. DOCENTE,DOCENTE: MAESTRA O MAESTRO DE GRUPO,JORNADA,03 - EDUCACION PRIMARIA,N/A,N/A,NINGUNA,CIUDAD SERDÁN
,FEDERAL,21DPR0273Z,MAXIMINO AVILA CAMACHO,LOS REYES DE JUAREZ,LOS REYES DE JUAREZ,1. DOCENTE,DOCENTE: MAESTRA O MAESTRO DE GRUPO,JORNADA,03 - EDUCACION PRIMARIA,N/A,N/A,NINGUNA,TEPEACA
,FEDERAL,21DPR0630Y,LICENCIADO ADOLFO LOPEZ MATEOS,TLACHICHUCA,SAN JOSE LLANO GRANDE (MAQUINA VIEJA),1. DOCENTE,DOCENTE: MAESTRA O MAESTRO DE GRUPO,JORNADA,03 - EDUCACION PRIMARIA,N/A,N/A,NINGUNA,CIUDAD SERDÁN
,FEDERAL,21DPR1063B,EL PENSADOR MEXICANO,TLAOLA,XOCHINANACATLÁN,1. DOCENTE,DOCENTE: MAESTRA O MAESTRO DE GRUPO,JORNADA,03 - EDUCACION PRIMARIA,N/A,N/A,NINGUNA,HUAUCHINANGO
,FEDERAL,21DPR2919M,GENERAL LAZARO CARDENAS,COATZINGO,COATZINGO,1. DOCENTE,DOCENTE: MAESTRA O MAESTRO DE GRUPO,JORNADA,03 - EDUCACION PRIMARIA,N/A,N/A,NINGUNA,IZÚCAR DE MATAMOROS
,FEDERAL,21DPR2269A,NARCISO MENDOZA,ACATZINGO,ACATZINGO DE HIDALGO,1. DOCENTE,DOCENTE: MAESTRA O MAESTRO DE GRUPO,JORNADA,03 - EDUCACION PRIMARIA,N/A,N/A,NINGUNA,TEPEACA
,FEDERAL,21DPR3401Z,MIGUEL HIDALGO,YEHUALTEPEC,SAN MIGUEL ZOZUTLA,1. DOCENTE,DOCENTE: MAESTRA O MAESTRO DE GRUPO,JORNADA,03 - EDUCACION PRIMARIA,N/A,N/A,NINGUNA,TEPEACA
,FEDERAL,21DPR0725L,REVOLUCION,VICENTE GUERRERO,ALHUACA,1. DOCENTE,DOCENTE: MAESTRA O MAESTRO DE GRUPO,JORNADA,03 - EDUCACION PRIMARIA,N/A,N/A,NINGUNA,TEHUACÁN
,FEDERAL,21DPR2253Z,EMILIANO ZAPATA,ATZITZINTLA,SANTA CRUZ CUYACHAPA,1. DOCENTE,DOCENTE: MAESTRA O MAESTRO DE GRUPO,JORNADA,03 - EDUCACION PRIMARIA,N/A,N/A,NINGUNA,CIUDAD SERDÁN
,FEDERAL,21DPR3675O,RAUL ISIDRO BURGOS,ATZITZIHUACAN,SAN JUAN AMECAC,1. DOCENTE,DOCENTE: MAESTRA O MAESTRO DE GRUPO,JORNADA,03 - EDUCACION PRIMARIA,N/A,N/A,NINGUNA,ATLIXCO
,FEDERAL,21DPR3545V,JOSE VASCONCELOS,SAN SALVADOR HUIXCOLOTLA,SAN SALVADOR HUIXCOLOTLA,1. DOCENTE,DOCENTE: MAESTRA O MAESTRO DE GRUPO,JORNADA,03 - EDUCACION PRIMARIA,N/A,N/A,NINGUNA,TEPEACA
,FEDERAL,21DPR0707W,FRANCISCO I. MADERO,TOCHTEPEC,SAN BARTOLOME TEPETLACALTECHCO,1. DOCENTE,DOCENTE: MAESTRA O MAESTRO DE GRUPO,JORNADA,03 - EDUCACION PRIMARIA,N/A,N/A,NINGUNA,TEPEACA
,FEDERAL,21DPR3637L,SATURNINA MARTINEZ RAMIREZ,ACATZINGO,SAN SEBASTIAN VILLANUEVA,1. DOCENTE,DOCENTE: MAESTRA O MAESTRO DE GRUPO,JORNADA,03 - EDUCACION PRIMARIA,N/A,N/A,NINGUNA,TEPEACA
,FEDERAL,21DPR1007J,LAZARO CARDENAS,TECAMACHALCO,LA PURISIMA DE HIDALGO,1. DOCENTE,DOCENTE: MAESTRA O MAESTRO DE GRUPO,JORNADA,03 - EDUCACION PRIMARIA,N/A,N/A,NINGUNA,TEPEACA
,FEDERAL,21DPR3545V,JOSE VASCONCELOS,SAN SALVADOR HUIXCOLOTLA,SAN SALVADOR HUIXCOLOTLA,1. DOCENTE,DOCENTE: MAESTRA O MAESTRO DE GRUPO,JORNADA,03 - EDUCACION PRIMARIA,N/A,N/A,NINGUNA,TEPEACA
,FEDERAL,21DPR0466O,AQUILES SERDAN,TEPEACA,SAN LORENZO JOYA DE RODRIGUEZ,1. DOCENTE,DOCENTE: MAESTRA O MAESTRO DE GRUPO,JORNADA,03 - EDUCACION PRIMARIA,N/A,N/A,NINGUNA,TEPEACA
,FEDERAL,21DPR2183V,BRAULIO RODRIGUEZ,CUAUTINCHÁN,CONCEPCIÓN PARDIÑAS,1. DOCENTE,DOCENTE: MAESTRA O MAESTRO DE GRUPO,JORNADA,03 - EDUCACION PRIMARIA,N/A,N/A,NINGUNA,TEPEACA
,FEDERAL,21DPR1063B,EL PENSADOR MEXICANO,TLAOLA,XOCHINANACATLÁN,1. DOCENTE,DOCENTE: MAESTRA O MAESTRO DE GRUPO,JORNADA,03 - EDUCACION PRIMARIA,N/A,N/A,NINGUNA,HUAUCHINANGO
,FEDERAL,21DPR2303R,JUSTO SIERRA,AJALPAN,HUITZMALOC,1. DOCENTE,DOCENTE: MAESTRA O MAESTRO DE GRUPO,JORNADA,03 - EDUCACION PRIMARIA,N/A,N/A,NINGUNA,TEHUACÁN
,FEDERAL,21DPR0725L,REVOLUCION,VICENTE GUERRERO,ALHUACA,1. DOCENTE,DOCENTE: MAESTRA O MAESTRO DE GRUPO,JORNADA,03 - EDUCACION PRIMARIA,N/A,N/A,NINGUNA,TEHUACÁN
,FEDERAL,21DPR0265R,CUAUHTEMOC,QUECHOLAC,SAN JOSE TUZUAPAN,1. DOCENTE,DOCENTE: MAESTRA O MAESTRO DE GRUPO,JORNADA,03 - EDUCACION PRIMARIA,N/A,N/A,NINGUNA,TEPEACA
,FEDERAL,21DPR1110W,CUAUHTEMOC,ACATZINGO,CARMEN SERDAN,1. DOCENTE,DOCENTE: MAESTRA O MAESTRO DE GRUPO,JORNADA,03 - EDUCACION PRIMARIA,N/A,N/A,NINGUNA,TEPEACA
,FEDERAL,21DPR0277W,BENITO JUAREZ,LOS REYES DE JUAREZ,SANTIAGO ACOZAC,1. DOCENTE,DOCENTE: MAESTRA O MAESTRO DE GRUPO,JORNADA,03 - EDUCACION PRIMARIA,N/A,N/A,NINGUNA,TEPEACA
,FEDERAL,21DPR1110W,CUAUHTEMOC,ACATZINGO,CARMEN SERDAN,1. DOCENTE,DOCENTE: MAESTRA O MAESTRO DE GRUPO,JORNADA,03 - EDUCACION PRIMARIA,N/A,N/A,NINGUNA,TEPEACA
,FEDERAL,21DPR0781D,BENITO JUAREZ,YEHUALTEPEC,SAN GABRIEL TETZOYOCAN,1. DOCENTE,DOCENTE: MAESTRA O MAESTRO DE GRUPO,JORNADA,03 - EDUCACION PRIMARIA,N/A,N/A,NINGUNA,TEPEACA
,FEDERAL,21DPR2374L,EMILIANO ZAPATA,ATZITZIHUACAN,SAN MATEO COATEPEC,1. DOCENTE,DOCENTE: MAESTRA O MAESTRO DE GRUPO,JORNADA,03 - EDUCACION PRIMARIA,N/A,N/A,NINGUNA,ATLIXCO
,FEDERAL,21DPR2747K,BENITO JUAREZ,CUAPIAXTLA DE MADERO,MIGUEL NEGRETE,1. DOCENTE,DOCENTE: MAESTRA O MAESTRO DE GRUPO,JORNADA,03 - EDUCACION PRIMARIA,N/A,N/A,NINGUNA,TEPEACA
,FEDERAL,21DPR3563K,ANDRES QUINTANA ROO,GENERAL FELIPE ÁNGELES,SANTA ÚRSULA CHICONQUIAC,1. DOCENTE,DOCENTE: MAESTRA O MAESTRO DE GRUPO,JORNADA,03 - EDUCACION PRIMARIA,N/A,N/A,NINGUNA,TEPEACA
,FEDERAL,21DPR0406Z,AMADO NERVO,TECAMACHALCO,LA SOLEDAD,1. DOCENTE,DOCENTE: MAESTRA O MAESTRO DE GRUPO,JORNADA,03 - EDUCACION PRIMARIA,N/A,N/A,NINGUNA,TEPEACA
,FEDERAL,21DPR1019O,BENITO JUAREZ,ATZITZIHUACAN,SAN JUAN AMECAC,1. DOCENTE,DOCENTE: MAESTRA O MAESTRO DE GRUPO,JORNADA,03 - EDUCACION PRIMARIA,N/A,N/A,NINGUNA,ATLIXCO
,FEDERAL,21DPR0225Q,PROFESOR CARLOS PASTRANA JIMENEZ,TECALI DE HERRERA,AHUATEPEC,1. DOCENTE,DOCENTE: MAESTRA O MAESTRO DE GRUPO,JORNADA,03 - EDUCACION PRIMARIA,N/A,N/A,NINGUNA,TEPEACA
,FEDERAL,21DPR0775T,NARCISO MENDOZA,XOCHITLÁN TODOS SANTOS,XOCHITLÁN,1. DOCENTE,DOCENTE: MAESTRA O MAESTRO DE GRUPO,JORNADA,03 - EDUCACION PRIMARIA,N/A,N/A,NINGUNA,TEPEACA
,FEDERAL,21DPR1794O,FRANCISCO I. MADERO,SAN SEBASTIAN TLACOTEPEC,TLACOTEPEC DE PORFIRIO DIAZ,1. DOCENTE,DOCENTE: MAESTRA O MAESTRO DE GRUPO,JORNADA,03 - EDUCACION PRIMARIA,N/A,N/A,NINGUNA,TEHUACÁN
,FEDERAL,21DPR2903L,PLAN DE AYALA,TOCHIMILCO,SAN FRANCISCO HUILANGO,1. DOCENTE,DOCENTE: MAESTRA O MAESTRO DE GRUPO,JORNADA,03 - EDUCACION PRIMARIA,N/A,N/A,NINGUNA,ATLIXCO
,FEDERAL,21DPR0781D,BENITO JUAREZ,YEHUALTEPEC,SAN GABRIEL TETZOYOCAN,1. DOCENTE,DOCENTE: MAESTRA O MAESTRO DE GRUPO,JORNADA,03 - EDUCACION PRIMARIA,N/A,N/A,NINGUNA,TEPEACA
,FEDERAL,21DPR2921A,REPUBLICA DE ARGENTINA,TECAMACHALCO,SAN ANTONIO LA PORTILLA,1. DOCENTE,DOCENTE: MAESTRA O MAESTRO DE GRUPO,JORNADA,03 - EDUCACION PRIMARIA,N/A,N/A,NINGUNA,TEPEACA
,FEDERAL,21DPR0780E,AMERICA,YEHUALTEPEC,RANCHO CHICO,1. DOCENTE,DOCENTE: MAESTRA O MAESTRO DE GRUPO,JORNADA,03 - EDUCACION PRIMARIA,N/A,N/A,NINGUNA,TEPEACA
,FEDERAL,21DPR2952U,PLAN DE GUADALUPE,ACATZINGO,ACATZINGO DE HIDALGO,1. DOCENTE,DOCENTE: MAESTRA O MAESTRO DE GRUPO,JORNADA,03 - EDUCACION PRIMARIA,N/A,N/A,NINGUNA,TEPEACA
,FEDERAL,21DPR0973T,AQUILES SERDAN,YEHUALTEPEC,YEHUALTEPEC,1. DOCENTE,DOCENTE: MAESTRA O MAESTRO DE GRUPO,JORNADA,03 - EDUCACION PRIMARIA,N/A,N/A,NINGUNA,TEPEACA
,FEDERAL,21DPR2771K,EMILIANO ZAPATA,ACATZINGO,HERNÁNDEZ,1. DOCENTE,DOCENTE: MAESTRA O MAESTRO DE GRUPO,JORNADA,03 - EDUCACION PRIMARIA,N/A,N/A,NINGUNA,TEPEACA
,FEDERAL,21DPR3023O,MIGUEL HIDALGO,LOS REYES DE JUÁREZ,LOS REYES DE JUÁREZ,1. DOCENTE,DOCENTE: MAESTRA O MAESTRO DE GRUPO,JORNADA,03 - EDUCACION PRIMARIA,N/A,N/A,NINGUNA,TEPEACA
,FEDERAL,21DPR3568F,AQUILES SERDAN,SAN SEBASTIÁN TLACOTEPEC,YOVALASTOC,1. DOCENTE,DOCENTE: MAESTRA O MAESTRO DE GRUPO,JORNADA,03 - EDUCACION PRIMARIA,N/A,N/A,NINGUNA,TEHUACÁN
,FEDERAL,21DPR0277W,BENITO JUAREZ,LOS REYES DE JUAREZ,SANTIAGO ACOZAC,1. DOCENTE,DOCENTE: MAESTRA O MAESTRO DE GRUPO,JORNADA,03 - EDUCACION PRIMARIA,N/A,N/A,NINGUNA,TEPEACA
,FEDERAL,21DPR1555O,IGNACIO ALLENDE,CUAUTINCHAN,SAN JERONIMO ALMOLOYA,1. DOCENTE,DOCENTE: MAESTRA O MAESTRO DE GRUPO,JORNADA,03 - EDUCACION PRIMARIA,N/A,N/A,NINGUNA,TEPEACA
,FEDERAL,21DPR0261V,JOSE MARIA MORELOS,QUECHOLAC,FRANCISCO I. MADERO,1. DOCENTE,DOCENTE: MAESTRA O MAESTRO DE GRUPO,JORNADA,03 - EDUCACION PRIMARIA,N/A,N/A,NINGUNA,TEPEACA
,FEDERAL,21DPR0443D,HEROES DEL SESENTA Y DOS,TEHUITZINGO,SAN FRANCISCO DE ASIS,1. DOCENTE,DOCENTE: MAESTRA O MAESTRO DE GRUPO,JORNADA,03 - EDUCACION PRIMARIA,N/A,N/A,NINGUNA,ACATLÁN
,FEDERAL,21DPR1814L,IGNACIO MANUEL ALTAMIRANO,ATLIXCO,SAN ESTEBAN ZOAPILTEPEC,1. DOCENTE,DOCENTE: MAESTRA O MAESTRO DE GRUPO,JORNADA,03 - EDUCACION PRIMARIA,N/A,N/A,NINGUNA,ATLIXCO
,FEDERAL,21DPR0193O,VICENTE GUERRERO,SAN SEBASTIÁN TLACOTEPEC,PLAYA NUEVA,1. DOCENTE,DOCENTE: MAESTRA O MAESTRO DE GRUPO,JORNADA,03 - EDUCACION PRIMARIA,N/A,N/A,NINGUNA,TEHUACÁN
,FEDERAL,21DPR0783B,ALVARO OBREGON,YEHUALTEPEC,SAN MATEO TLACOMULCO,1. DOCENTE,DOCENTE: MAESTRA O MAESTRO DE GRUPO,JORNADA,03 - EDUCACION PRIMARIA,N/A,N/A,NINGUNA,TEPEACA
,FEDERAL,21DPR0277W,BENITO JUAREZ,LOS REYES DE JUAREZ,SANTIAGO ACOZAC,1. DOCENTE,DOCENTE: MAESTRA O MAESTRO DE GRUPO,JORNADA,03 - EDUCACION PRIMARIA,N/A,N/A,NINGUNA,TEPEACA
,FEDERAL,21DPR0781D,BENITO JUAREZ,YEHUALTEPEC,SAN GABRIEL TETZOYOCAN,1. DOCENTE,DOCENTE: MAESTRA O MAESTRO DE GRUPO,JORNADA,03 - EDUCACION PRIMARIA,N/A,N/A,NINGUNA,TEPEACA
,FEDERAL,21DPR1110W,CUAUHTEMOC,ACATZINGO,CARMEN SERDÁN,1. DOCENTE,DOCENTE: MAESTRA O MAESTRO DE GRUPO,JORNADA,03 - EDUCACION PRIMARIA,N/A,N/A,NINGUNA,TEPEACA
,FEDERAL,21DPR2337H,JOSE MARIA MORELOS,COYOMEAPAN,SAN JUAN CUAUTLA,1. DOCENTE,DOCENTE: MAESTRA O MAESTRO DE GRUPO,JORNADA,03 - EDUCACION PRIMARIA,N/A,N/A,NINGUNA,TEHUACÁN
,FEDERAL,21DPR0780E,AMERICA,YEHUALTEPEC,RANCHO CHICO,1. DOCENTE,DOCENTE: MAESTRA O MAESTRO DE GRUPO,JORNADA,03 - EDUCACION PRIMARIA,N/A,N/A,NINGUNA,TEPEACA
,FEDERAL,21DPR2378H,BENITO JUAREZ,ATZITZIHUACÁN,SAN JUAN AMECAC,1. DOCENTE,DOCENTE: MAESTRA O MAESTRO DE GRUPO,JORNADA,03 - EDUCACION PRIMARIA,N/A,N/A,NINGUNA,ATLIXCO
,FEDERAL,21DPR1110W,CUAUHTEMOC,ACATZINGO,CARMEN SERDAN,1. DOCENTE,DOCENTE: MAESTRA O MAESTRO DE GRUPO,JORNADA,03 - EDUCACION PRIMARIA,N/A,N/A,NINGUNA,TEPEACA
,FEDERAL,21DPR0780E,AMERICA,YEHUALTEPEC,RANCHO CHICO,1. DOCENTE,DOCENTE: MAESTRA O MAESTRO DE GRUPO,JORNADA,03 - EDUCACION PRIMARIA,N/A,N/A,NINGUNA,TEPEACA
,FEDERAL,21DPR0781D,BENITO JUAREZ,YEHUALTEPEC,SAN GABRIEL TETZOYOCAN,1. DOCENTE,DOCENTE: MAESTRA O MAESTRO DE GRUPO,JORNADA,03 - EDUCACION PRIMARIA,N/A,N/A,NINGUNA,TEPEACA
,FEDERAL,21DPR3554C,20 DE NOVIEMBRE,PALMAR DE BRAVO,SAN MIGUEL XALTEPEC,1. DOCENTE,DOCENTE: MAESTRA O MAESTRO DE GRUPO,JORNADA,03 - EDUCACION PRIMARIA,N/A,N/A,NINGUNA,CIUDAD SERDÁN
,FEDERAL,21DPR0473Y,IGNACIO ZARAGOZA,TEPEACA,SAN CRISTOBAL HIDALGO,1. DOCENTE,DOCENTE: MAESTRA O MAESTRO DE GRUPO,JORNADA,03 - EDUCACION PRIMARIA,N/A,N/A,NINGUNA,TEPEACA
,FEDERAL,21DPR3554C,20 DE NOVIEMBRE,PALMAR DE BRAVO,SAN MIGUEL XALTEPEC,1. DOCENTE,DOCENTE: MAESTRA O MAESTRO DE GRUPO,JORNADA,03 - EDUCACION PRIMARIA,N/A,N/A,NINGUNA,CIUDAD SERDÁN
,FEDERAL,21DPR2376J,PROFESOR  JUAN RAMIREZ RAMOS,ATZITZIHUACÁN,SAN FRANCISCO XOCHITEOPAN,1. DOCENTE,DOCENTE: MAESTRA O MAESTRO DE GRUPO,JORNADA,03 - EDUCACION PRIMARIA,N/A,N/A,NINGUNA,ATLIXCO
,FEDERAL,21DPR0714F,GENERAL IGNACIO ZARAGOZA,TULCINGO,XIXINGO DE LOS REYES,1. DOCENTE,DOCENTE: MAESTRA O MAESTRO DE GRUPO,JORNADA,03 - EDUCACION PRIMARIA,N/A,N/A,NINGUNA,ACATLÁN
,FEDERAL,21DPR0483E,VICENTE GUERRERO,TEPEACA,TLAYOATLA JOYA DE RODRIGUEZ,1. DOCENTE,DOCENTE: MAESTRA O MAESTRO DE GRUPO,JORNADA,03 - EDUCACION PRIMARIA,N/A,N/A,NINGUNA,TEPEACA
,FEDERAL,21DPR1110W,CUAUHTEMOC,ACATZINGO,CARMEN SERDAN,1. DOCENTE,DOCENTE: MAESTRA O MAESTRO DE GRUPO,JORNADA,03 - EDUCACION PRIMARIA,N/A,N/A,NINGUNA,TEPEACA
,FEDERAL,21DPR3637L,SATURNINA MARTINEZ RAMIREZ,ACATZINGO,SAN SEBASTIAN VILLANUEVA,1. DOCENTE,DOCENTE: MAESTRA O MAESTRO DE GRUPO,JORNADA,03 - EDUCACION PRIMARIA,N/A,N/A,NINGUNA,TEPEACA
,FEDERAL,21DPR0780E,AMERICA,YEHUALTEPEC,RANCHO CHICO,1. DOCENTE,DOCENTE: MAESTRA O MAESTRO DE GRUPO,JORNADA,03 - EDUCACION PRIMARIA,N/A,N/A,NINGUNA,TEPEACA
,FEDERAL,21DPR0780E,AMERICA,YEHUALTEPEC,RANCHO CHICO,1. DOCENTE,DOCENTE: MAESTRA O MAESTRO DE GRUPO,JORNADA,03 - EDUCACION PRIMARIA,N/A,N/A,NINGUNA,TEPEACA
,FEDERAL,21DPR2118V,DOCTOR BELISARIO DOMINGUEZ,HUAQUECHULA,HUAQUECHULA,1. DOCENTE,DOCENTE: MAESTRA O MAESTRO DE GRUPO,JORNADA,03 - EDUCACION PRIMARIA,N/A,N/A,NINGUNA,ATLIXCO
,FEDERAL,21DPR0272A,MELCHOR OCAMPO,LOS REYES DE JUAREZ,LOS REYES DE JUAREZ,1. DOCENTE,DOCENTE: MAESTRA O MAESTRO DE GRUPO,JORNADA,03 - EDUCACION PRIMARIA,N/A,N/A,NINGUNA,TEPEACA
,FEDERAL,21DPR0479S,BENITO JUAREZ,TEPEACA,SAN NICOLAS ZOYAPETLAYOCA,1. DOCENTE,DOCENTE: MAESTRA O MAESTRO DE GRUPO,JORNADA,03 - EDUCACION PRIMARIA,N/A,N/A,NINGUNA,TEPEACA
,FEDERAL,21DPR0973T,AQUILES SERDAN,YEHUALTEPEC,YEHUALTEPEC,1. DOCENTE,DOCENTE: MAESTRA O MAESTRO DE GRUPO,JORNADA,03 - EDUCACION PRIMARIA,N/A,N/A,NINGUNA,TEPEACA
,FEDERAL,21DPR0266Q,JOSE MARIA MORELOS,QUECHOLAC,SANTA CATARINA VILLANUEVA,1. DOCENTE,DOCENTE: MAESTRA O MAESTRO DE GRUPO,JORNADA,03 - EDUCACION PRIMARIA,N/A,N/A,NINGUNA,TEPEACA
,FEDERAL,21DPR1115R,MIGUEL HIDALGO,PALMAR DE BRAVO,SAN ISIDRO MONTERROSAS,1. DOCENTE,DOCENTE: MAESTRA O MAESTRO DE GRUPO,JORNADA,03 - EDUCACION PRIMARIA,N/A,N/A,NINGUNA,CIUDAD SERDÁN
,FEDERAL,21DPR0973T,AQUILES SERDAN,YEHUALTEPEC,YEHUALTEPEC,1. DOCENTE,DOCENTE: MAESTRA O MAESTRO DE GRUPO,JORNADA,03 - EDUCACION PRIMARIA,N/A,N/A,NINGUNA,TEPEACA
,FEDERAL,21DPR1953M,MIGUEL HIDALGO,QUECHOLAC,GUADALUPE ENRIQUEZ,1. DOCENTE,DOCENTE: MAESTRA O MAESTRO DE GRUPO,JORNADA,03 - EDUCACION PRIMARIA,N/A,N/A,NINGUNA,TEPEACA
,FEDERAL,21DPR0443D,HEROES DEL SESENTA Y DOS,TEHUITZINGO,SAN FRANCISCO DE ASIS,1. DOCENTE,DOCENTE: MAESTRA O MAESTRO DE GRUPO,JORNADA,03 - EDUCACION PRIMARIA,N/A,N/A,NINGUNA,ACATLÁN
,FEDERAL,21DPR0781D,BENITO JUAREZ,YEHUALTEPEC,SAN GABRIEL TETZOYOCAN,1. DOCENTE,DOCENTE: MAESTRA O MAESTRO DE GRUPO,JORNADA,03 - EDUCACION PRIMARIA,N/A,N/A,NINGUNA,TEPEACA
,FEDERAL,21DPR1953M,MIGUEL HIDALGO,QUECHOLAC,GUADALUPE ENRIQUEZ,1. DOCENTE,DOCENTE: MAESTRA O MAESTRO DE GRUPO,JORNADA,03 - EDUCACION PRIMARIA,N/A,N/A,NINGUNA,TEPEACA
,FEDERAL,21DPR3033V,IGNACIO ZARAGOZA,TEPEMAXALCO,SAN FELIPE TEPEMAXALCO,1. DOCENTE,DOCENTE: MAESTRA O MAESTRO DE GRUPO,JORNADA,03 - EDUCACION PRIMARIA,N/A,N/A,NINGUNA,IZÚCAR DE MATAMOROS
,FEDERAL,21DPR1256Q,JOSE MARIA MORELOS Y PAVON,TEHUITZINGO,TEHUITZINGO,1. DOCENTE,DOCENTE: MAESTRA O MAESTRO DE GRUPO,JORNADA,03 - EDUCACION PRIMARIA,N/A,N/A,NINGUNA,ACATLÁN
,FEDERAL,21DPR3401Z,MIGUEL HIDALGO,YEHUALTEPEC,SAN MIGUEL ZOZUTLA,1. DOCENTE,DOCENTE: MAESTRA O MAESTRO DE GRUPO,JORNADA,03 - EDUCACION PRIMARIA,N/A,N/A,NINGUNA,TEPEACA
,FEDERAL,21DPR2303R,JUSTO SIERRA,AJALPAN,HUITZMALOC,1. DOCENTE,DOCENTE: MAESTRA O MAESTRO DE GRUPO,JORNADA,03 - EDUCACION PRIMARIA,N/A,N/A,NINGUNA,TEHUACÁN
,FEDERAL,21DPR3637L,SATURNINA MARTINEZ RAMIREZ,ACATZINGO,SAN SEBASTIÁN VILLANUEVA,1. DOCENTE,DOCENTE: MAESTRA O MAESTRO DE GRUPO,JORNADA,03 - EDUCACION PRIMARIA,N/A,N/A,NINGUNA,TEPEACA
,FEDERAL,21DPR0277W,BENITO JUAREZ,LOS REYES DE JUAREZ,SANTIAGO ACOZAC,1. DOCENTE,DOCENTE: MAESTRA O MAESTRO DE GRUPO,JORNADA,03 - EDUCACION PRIMARIA,N/A,N/A,NINGUNA,TEPEACA
,FEDERAL,21DPR0780E,AMERICA,YEHUALTEPEC,RANCHO CHICO,1. DOCENTE,DOCENTE: MAESTRA O MAESTRO DE GRUPO,JORNADA,03 - EDUCACION PRIMARIA,N/A,N/A,NINGUNA,TEPEACA
,FEDERAL,21DPR2965Y,EMILIANO ZAPATA,PALMAR DE BRAVO,JESUS NAZARENO,1. DOCENTE,DOCENTE: MAESTRA O MAESTRO DE GRUPO,JORNADA,03 - EDUCACION PRIMARIA,N/A,N/A,NINGUNA,CIUDAD SERDÁN
,FEDERAL,21DPR1019O,BENITO JUAREZ,ATZITZIHUACAN,SAN JUAN AMECAC,1. DOCENTE,DOCENTE: MAESTRA O MAESTRO DE GRUPO,JORNADA,03 - EDUCACION PRIMARIA,N/A,N/A,NINGUNA,ATLIXCO
,FEDERAL,21DPR2631K,CALMECAC,XOCHITLAN TODOS SANTOS,XOCHITLAN,1. DOCENTE,DOCENTE: MAESTRA O MAESTRO DE GRUPO,JORNADA,03 - EDUCACION PRIMARIA,N/A,N/A,NINGUNA,TEPEACA
,FEDERAL,21DPR2331N,BENITO JUAREZ,AJALPAN,CUAUTOTOLAPAN (SAN JOSE),1. DOCENTE,DOCENTE: MAESTRA O MAESTRO DE GRUPO,JORNADA,03 - EDUCACION PRIMARIA,N/A,N/A,NINGUNA,TEHUACÁN
,FEDERAL,21DPR0359F,NIÑOS HÉROES DE CHAPULTEPEC,CUAPIAXTLA DE MADERO,CUAPIAXTLA DE MADERO,1. DOCENTE,DOCENTE: MAESTRA O MAESTRO DE GRUPO,JORNADA,03 - EDUCACION PRIMARIA,N/A,N/A,NINGUNA,TEPEACA
,FEDERAL,21DPR0263T,JOSE MARIA MORELOS,QUECHOLAC,SAN BARTOLOME COSCOMAYA,1. DOCENTE,DOCENTE: MAESTRA O MAESTRO DE GRUPO,JORNADA,03 - EDUCACION PRIMARIA,N/A,N/A,NINGUNA,TEPEACA
,FEDERAL,21DPR2818O,IGNACIO ZARAGOZA,PALMAR DE BRAVO,SAN MIGUEL XALTEPEC,1. DOCENTE,DOCENTE: MAESTRA O MAESTRO DE GRUPO,JORNADA,03 - EDUCACION PRIMARIA,N/A,N/A,NINGUNA,CIUDAD SERDÁN
,FEDERAL,21DPR1953M,MIGUEL HIDALGO,QUECHOLAC,GUADALUPE ENRIQUEZ,1. DOCENTE,DOCENTE: MAESTRA O MAESTRO DE GRUPO,JORNADA,03 - EDUCACION PRIMARIA,N/A,N/A,NINGUNA,TEPEACA
,FEDERAL,21DPR2747K,BENITO JUAREZ,CUAPIAXTLA DE MADERO,MIGUEL NEGRETE,1. DOCENTE,DOCENTE: MAESTRA O MAESTRO DE GRUPO,JORNADA,03 - EDUCACION PRIMARIA,N/A,N/A,NINGUNA,TEPEACA
,FEDERAL,21DPR1552R,GENERAL IGNACIO ZARAGOZA,SAN DIEGO LA MESA TOCHIMILTZINGO,TOCHIMILTZINGO,1. DOCENTE,DOCENTE: MAESTRA O MAESTRO DE GRUPO,JORNADA,03 - EDUCACION PRIMARIA,N/A,N/A,NINGUNA,ATLIXCO
,FEDERAL,21DPR1009H,FRANCISCO I. MADERO,GUADALUPE,VISTA HERMOSA,1. DOCENTE,DOCENTE: MAESTRA O MAESTRO DE GRUPO,JORNADA,03 - EDUCACION PRIMARIA,N/A,N/A,NINGUNA,ACATLÁN
,FEDERAL,21DPR0883A,EMILIANO ZAPATA,ZIHUATEUTLA,CERRO VERDE,1. DOCENTE,DOCENTE: MAESTRA O MAESTRO DE GRUPO,JORNADA,03 - EDUCACION PRIMARIA,N/A,N/A,NINGUNA,HUAUCHINANGO
,FEDERAL,21DPR0709U,16 DE SEPTIEMBRE,TOCHTEPEC,SAN MARTIN CALTENCO,1. DOCENTE,DOCENTE: MAESTRA O MAESTRO DE GRUPO,JORNADA,03 - EDUCACION PRIMARIA,N/A,N/A,NINGUNA,TEPEACA
,FEDERAL,21DPR0480H,MIGUEL HIDALGO,TEPEACA,SAN PEDRO LA JOYA,1. DOCENTE,DOCENTE: MAESTRA O MAESTRO DE GRUPO,JORNADA,03 - EDUCACION PRIMARIA,N/A,N/A,NINGUNA,TEPEACA
,FEDERAL,21DPR0380I,EMILIO CARRANZA,TECALI DE HERRERA,SAN BUENAVENTURA TETLANANCA,1. DOCENTE,DOCENTE: MAESTRA O MAESTRO DE GRUPO,JORNADA,03 - EDUCACION PRIMARIA,N/A,N/A,NINGUNA,TEPEACA
,FEDERAL,21DPR2818O,IGNACIO ZARAGOZA,PALMAR DE BRAVO,SAN MIGUEL XALTEPEC,1. DOCENTE,DOCENTE: MAESTRA O MAESTRO DE GRUPO,JORNADA,03 - EDUCACION PRIMARIA,N/A,N/A,NINGUNA,CIUDAD SERDÁN
,FEDERAL,21DPR3033V,IGNACIO ZARAGOZA,TEPEMAXALCO,SAN FELIPE TEPEMAXALCO,1. DOCENTE,DOCENTE: MAESTRA O MAESTRO DE GRUPO,JORNADA,03 - EDUCACION PRIMARIA,N/A,N/A,NINGUNA,IZÚCAR DE MATAMOROS
,FEDERAL,21DPR1572E,IGNACIO ALLENDE,HUATLATLAUCA,TEPETZITZINTLA,1. DOCENTE,DOCENTE: MAESTRA O MAESTRO DE GRUPO,JORNADA,03 - EDUCACION PRIMARIA,N/A,N/A,NINGUNA,TEPEXI DE RODRÍGUEZ
,FEDERAL,21DPR2747K,BENITO JUAREZ,CUAPIAXTLA DE MADERO,MIGUEL NEGRETE,1. DOCENTE,DOCENTE: MAESTRA O MAESTRO DE GRUPO,JORNADA,03 - EDUCACION PRIMARIA,N/A,N/A,NINGUNA,TEPEACA
,FEDERAL,21DPR1327U,EMILIANO ZAPATA,COATZINGO,SAN VICENTE,1. DOCENTE,DOCENTE: MAESTRA O MAESTRO DE GRUPO,JORNADA,03 - EDUCACION PRIMARIA,N/A,N/A,NINGUNA,IZÚCAR DE MATAMOROS
,FEDERAL,21DPR0475W,FRANCISCO I. MADERO,TEPEACA,SAN FRANCISCO BUENAVISTA,1. DOCENTE,DOCENTE: MAESTRA O MAESTRO DE GRUPO,JORNADA,03 - EDUCACION PRIMARIA,N/A,N/A,NINGUNA,TEPEACA
,FEDERAL,21DPR2325C,MIGUEL ALEMAN,ACATZINGO,NICOLAS BRAVO,1. DOCENTE,DOCENTE: MAESTRA O MAESTRO DE GRUPO,JORNADA,03 - EDUCACION PRIMARIA,N/A,N/A,NINGUNA,TEPEACA
,FEDERAL,21DPR2325C,MIGUEL ALEMAN,ACATZINGO,NICOLAS BRAVO,1. DOCENTE,DOCENTE: MAESTRA O MAESTRO DE GRUPO,JORNADA,03 - EDUCACION PRIMARIA,N/A,N/A,NINGUNA,TEPEACA
,FEDERAL,21DPR2313Y,5 DE MAYO,ACATZINGO,SAN SEBASTIAN VILLANUEVA,1. DOCENTE,DOCENTE: MAESTRA O MAESTRO DE GRUPO,JORNADA,03 - EDUCACION PRIMARIA,N/A,N/A,NINGUNA,TEPEACA
,FEDERAL,21DPR0786Z,MARIANO MATAMOROS,ZACAPALA,SAN MATEO MIMIAPAN,1. DOCENTE,DOCENTE: MAESTRA O MAESTRO DE GRUPO,JORNADA,03 - EDUCACION PRIMARIA,N/A,N/A,NINGUNA,TEPEXI DE RODRÍGUEZ
,FEDERAL,21DPR2850X,MIGUEL HIDALGO,TECAMACHALCO,LA PURISIMA DE HIDALGO,1. DOCENTE,DOCENTE: MAESTRA O MAESTRO DE GRUPO,JORNADA,03 - EDUCACION PRIMARIA,N/A,N/A,NINGUNA,TEPEACA
,FEDERAL,21DPR1092X,ESTADOS UNIDOS MEXICANOS,PALMAR DE BRAVO,BELLAVISTA DE VICTORIA (SAN JOSE BELLAVISTA),1. DOCENTE,DOCENTE: MAESTRA O MAESTRO DE GRUPO,JORNADA,03 - EDUCACION PRIMARIA,N/A,N/A,NINGUNA,CIUDAD SERDÁN
,FEDERAL,21DPR1555O,IGNACIO ALLENDE,CUAUTINCHAN,SAN JERONIMO ALMOLOYA,1. DOCENTE,DOCENTE: MAESTRA O MAESTRO DE GRUPO,JORNADA,03 - EDUCACION PRIMARIA,N/A,N/A,NINGUNA,TEPEACA
,FEDERAL,21DPR0725L,REVOLUCION,VICENTE GUERRERO,ALHUACA,1. DOCENTE,DOCENTE: MAESTRA O MAESTRO DE GRUPO,JORNADA,03 - EDUCACION PRIMARIA,N/A,N/A,NINGUNA,TEHUACÁN
,FEDERAL,21DPR1556N,LEONA VICARIO,CUAUTINCHÁN,ALPATLÁHUAC (SAN PEDRO ALPATLÁHUAC),1. DOCENTE,DOCENTE: MAESTRA O MAESTRO DE GRUPO,JORNADA,03 - EDUCACION PRIMARIA,N/A,N/A,NINGUNA,TEPEACA
,FEDERAL,21DPR0782C,JOSE MARIA MORELOS,YEHUALTEPEC,SAN MIGUEL ZOZUTLA,1. DOCENTE,DOCENTE: MAESTRA O MAESTRO DE GRUPO,JORNADA,03 - EDUCACION PRIMARIA,N/A,N/A,NINGUNA,TEPEACA
,FEDERAL,21DPR2850X,MIGUEL HIDALGO,TECAMACHALCO,LA PURISIMA DE HIDALGO,1. DOCENTE,DOCENTE: MAESTRA O MAESTRO DE GRUPO,JORNADA,03 - EDUCACION PRIMARIA,N/A,N/A,NINGUNA,TEPEACA
,FEDERAL,21DPR0384E,REPUBLICA ARGENTINA,TECALI DE HERRERA,CONCEPCION CUAUTLA,1. DOCENTE,DOCENTE: MAESTRA O MAESTRO DE GRUPO,JORNADA,03 - EDUCACION PRIMARIA,N/A,N/A,NINGUNA,TEPEACA
,FEDERAL,21DPR3563K,ANDRES QUINTANA ROO,GENERAL FELIPE ANGELES,SANTA URSULA CHICONQUIAC,1. DOCENTE,DOCENTE: MAESTRA O MAESTRO DE GRUPO,JORNADA,03 - EDUCACION PRIMARIA,N/A,N/A,NINGUNA,TEPEACA
,FEDERAL,21DPR1555O,IGNACIO ALLENDE,CUAUTINCHAN,SAN JERONIMO ALMOLOYA,1. DOCENTE,DOCENTE: MAESTRA O MAESTRO DE GRUPO,JORNADA,03 - EDUCACION PRIMARIA,N/A,N/A,NINGUNA,TEPEACA
,FEDERAL,21DPR3690G,CARLOS CAMACHO ESPIRITU,QUECHOLAC,SAN SIMON DE BRAVO,1. DOCENTE,DOCENTE: MAESTRA O MAESTRO DE GRUPO,JORNADA,03 - EDUCACION PRIMARIA,N/A,N/A,NINGUNA,TEPEACA
,FEDERAL,21DPR2325C,MIGUEL ALEMAN,ACATZINGO,NICOLAS BRAVO,1. DOCENTE,DOCENTE: MAESTRA O MAESTRO DE GRUPO,JORNADA,03 - EDUCACION PRIMARIA,N/A,N/A,NINGUNA,TEPEACA
,FEDERAL,21DPR0653I,IGNACIO ZARAGOZA,PAHUATLAN,SAN PABLITO,1. DOCENTE,DOCENTE: MAESTRA O MAESTRO DE GRUPO,JORNADA,03 - EDUCACION PRIMARIA,N/A,N/A,NINGUNA,HUAUCHINANGO
,FEDERAL,21DPR0263T,JOSE MARIA MORELOS,QUECHOLAC,SAN BARTOLOME COSCOMAYA,1. DOCENTE,DOCENTE: MAESTRA O MAESTRO DE GRUPO,JORNADA,03 - EDUCACION PRIMARIA,N/A,N/A,NINGUNA,TEPEACA
,FEDERAL,21DPR0653I,IGNACIO ZARAGOZA,PAHUATLAN,SAN PABLITO,1. DOCENTE,DOCENTE: MAESTRA O MAESTRO DE GRUPO,JORNADA,03 - EDUCACION PRIMARIA,N/A,N/A,NINGUNA,HUAUCHINANGO
,FEDERAL,21DPR3690G,CARLOS CAMACHO ESPIRITU,QUECHOLAC,SAN SIMÓN DE BRAVO,1. DOCENTE,DOCENTE: MAESTRA O MAESTRO DE GRUPO,JORNADA,03 - EDUCACION PRIMARIA,N/A,N/A,NINGUNA,TEPEACA
,FEDERAL,21DPR0404B,REPUBLICA DE CUBA,TECAMACHALCO,SANTA ROSA,1. DOCENTE,DOCENTE: MAESTRA O MAESTRO DE GRUPO,JORNADA,03 - EDUCACION PRIMARIA,N/A,N/A,NINGUNA,TEPEACA
,FEDERAL,21DPR1538Y,JUVENTINO ROSAS,ATLIXCO,SAN JERÓNIMO CALERAS,1. DOCENTE,DOCENTE: MAESTRA O MAESTRO DE GRUPO,JORNADA,03 - EDUCACION PRIMARIA,N/A,N/A,NINGUNA,ATLIXCO
,FEDERAL,21DPR0260W,BENITO JUAREZ,QUECHOLAC,LA COMPAÑÍA,1. DOCENTE,DOCENTE: MAESTRA O MAESTRO DE GRUPO,JORNADA,03 - EDUCACION PRIMARIA,N/A,N/A,NINGUNA,TEPEACA
,FEDERAL,21DPR0817B,LICENCIADO BENITO JUAREZ,IXCAMILPA DE GUERRERO,TLANIPATLA,1. DOCENTE,DOCENTE: MAESTRA O MAESTRO DE GRUPO,JORNADA,03 - EDUCACION PRIMARIA,N/A,N/A,NINGUNA,IZÚCAR DE MATAMOROS