PSEUDO_PLAZA,SOSTENIMIENTO,CLAVE CT,NOMBRE CT,MUNICIPIO CT,LOCALIDAD CT,TIPO ASPIRANTE,FUNCI�N Y CATALOGO,HORAS TRABAJO,NIVEL,SUBTIPO/MATERIA,IDIOMA,OBSERVACIONES,CORDE,OBSERVACIONES NIVEL EDUCATIVO,1,1
,FEDERAL,21DPR0996D,16 DE SEPTIEMBRE,TOCHTEPEC,SAN MART�N CALTENCO,1. DOCENTE,DOCENTE: MAESTRA O MAESTRO DE GRUPO,JORNADA,03 - EDUCACION PRIMARIA,N/A,N/A,NINGUNA,TEPEACA,,,
,FEDERAL,21DPR0170D,MAXIMINO AVILA CAMACHO,PALMAR DE BRAVO,CUESTA BLANCA,1. DOCENTE,DOCENTE: MAESTRA O MAESTRO DE GRUPO,JORNADA,03 - EDUCACION PRIMARIA,N/A,N/A,NINGUNA,CIUDAD SERD�N,,,
,FEDERAL,21DPR2272O,IGNACIO ZARAGOZA,AHUATLAN,AHUATLAN,1. DOCENTE,DOCENTE: MAESTRA O MAESTRO DE GRUPO,JORNADA,03 - EDUCACION PRIMARIA,N/A,N/A,NINGUNA,IZ�CAR DE MATAMOROS,,,
,FEDERAL,21DPR0725L,REVOLUCION,VICENTE GUERRERO,ALHUACA,1. DOCENTE,DOCENTE: MAESTRA O MAESTRO DE GRUPO,JORNADA,03 - EDUCACION PRIMARIA,N/A,N/A,NINGUNA,TEHUAC�N,,,
,FEDERAL,21DPR2337H,JOSE MARIA MORELOS,COYOMEAPAN,SAN JUAN CUAUTLA,1. DOCENTE,DOCENTE: MAESTRA O MAESTRO DE GRUPO,JORNADA,03 - EDUCACION PRIMARIA,N/A,N/A,NINGUNA,TEHUAC�N,,,
,FEDERAL,21DPR2437G,XICOTENCATL,NAUPAN,CHACHAHUANTLA,1. DOCENTE,DOCENTE: MAESTRA O MAESTRO DE GRUPO,JORNADA,03 - EDUCACION PRIMARIA,N/A,N/A,NINGUNA,HUAUCHINANGO,,,
,FEDERAL,21DPR2011C,CARLOS PASTRANA,CHALCHICOMULA DE SESMA,JESUS NAZARENO (RANCHO NUEVO),1. DOCENTE,DOCENTE: MAESTRA O MAESTRO DE GRUPO,JORNADA,03 - EDUCACION PRIMARIA,N/A,N/A,NINGUNA,CIUDAD SERD�N,,,
,FEDERAL,21DPR1063B,EL PENSADOR MEXICANO,TLAOLA,XOCHINANACATLAN,1. DOCENTE,DOCENTE: MAESTRA O MAESTRO DE GRUPO,JORNADA,03 - EDUCACION PRIMARIA,N/A,N/A,NINGUNA,HUAUCHINANGO,,,
,FEDERAL,21DPR0868I,EMILIANO ZAPATA,ZAPOTITL�N DE M�NDEZ,HUEHUETLA,1. DOCENTE,DOCENTE: MAESTRA O MAESTRO DE GRUPO,JORNADA,03 - EDUCACION PRIMARIA,N/A,N/A,NINGUNA,ZACAPOAXTLA,CAMBIO DE CENTRO DE TRABAJO POR NECESIDADES DEL SERVICIO,,
,FEDERAL,21DPR1600K,MIGUEL HIDALGO,CHINANTLA,CHINANTLA,1. DOCENTE,DOCENTE: MAESTRA O MAESTRO DE GRUPO,JORNADA,03 - EDUCACION PRIMARIA,N/A,N/A,NINGUNA,ACATL�N,,,
,FEDERAL,21DPR0484D,RODOLFO SANCHEZ TABOADA,TEPEACA,VICENTE GUERRERO,1. DOCENTE,DOCENTE: MAESTRA O MAESTRO DE GRUPO,JORNADA,03 - EDUCACION PRIMARIA,N/A,N/A,NINGUNA,TEPEACA,,,
,FEDERAL,21DPR0658D,GENERAL JUAN ALVAREZ,TLAOLA,TLATLAPANALA,1. DOCENTE,DOCENTE: MAESTRA O MAESTRO DE GRUPO,JORNADA,03 - EDUCACION PRIMARIA,N/A,N/A,NINGUNA,HUAUCHINANGO,,,
,FEDERAL,21DPR3033V,IGNACIO ZARAGOZA,TEPEMAXALCO,SAN FELIPE TEPEMAXALCO,1. DOCENTE,DOCENTE: MAESTRA O MAESTRO DE GRUPO,JORNADA,03 - EDUCACION PRIMARIA,N/A,N/A,NINGUNA,IZ�CAR DE MATAMOROS,,,
,FEDERAL,21DPR0608W,VICENTE GUERRERO,TLACUILOTEPEC,ITZATLAN,1. DOCENTE,DOCENTE: MAESTRA O MAESTRO DE GRUPO,JORNADA,03 - EDUCACION PRIMARIA,N/A,N/A,NINGUNA,HUAUCHINANGO,,,
,FEDERAL,21DPR0895F,IGNACIO ALLENDE,ZOQUITL�N,COYOLAPA,1. DOCENTE,DOCENTE: MAESTRA O MAESTRO DE GRUPO,JORNADA,03 - EDUCACION PRIMARIA,N/A,N/A,NINGUNA,TEHUAC�N,,,
,FEDERAL,21DPR0265R,CUAUHTEMOC,QUECHOLAC,SAN JOSE TUZUAPAN,1. DOCENTE,DOCENTE: MAESTRA O MAESTRO DE GRUPO,JORNADA,03 - EDUCACION PRIMARIA,N/A,N/A,NINGUNA,TEPEACA,,,
,FEDERAL,21DPR2874G,GENERAL RAFAEL AVILA CAMACHO,CHILCHOTLA,EL CARMEN,1. DOCENTE,DOCENTE: MAESTRA O MAESTRO DE GRUPO,JORNADA,03 - EDUCACION PRIMARIA,N/A,N/A,NINGUNA,LIBRES,,,
,FEDERAL,21DPR1061D,IGNACIO ZARAGOZA,TLAOLA,CHICAHUAXTLA,1. DOCENTE,DOCENTE: MAESTRA O MAESTRO DE GRUPO,JORNADA,03 - EDUCACION PRIMARIA,N/A,N/A,NINGUNA,HUAUCHINANGO,,,
,FEDERAL,21DPR0701B,XICOTENCATL,TOCHIMILCO,TECUANIPA (SAN MIGUEL TECUANIPA),1. DOCENTE,DOCENTE: MAESTRA O MAESTRO DE GRUPO,JORNADA,03 - EDUCACION PRIMARIA,N/A,N/A,NINGUNA,ATLIXCO,,,
,FEDERAL,21DPR0608W,VICENTE GUERRERO,TLACUILOTEPEC,ITZATLAN,1. DOCENTE,DOCENTE: MAESTRA O MAESTRO DE GRUPO,JORNADA,03 - EDUCACION PRIMARIA,N/A,N/A,NINGUNA,HUAUCHINANGO,,,
,FEDERAL,21DPR1327U,EMILIANO ZAPATA,COATZINGO,SAN VICENTE,1. DOCENTE,DOCENTE: MAESTRA O MAESTRO DE GRUPO,JORNADA,03 - EDUCACION PRIMARIA,N/A,N/A,NINGUNA,IZ�CAR DE MATAMOROS,,,
,FEDERAL,21DPR1063B,EL PENSADOR MEXICANO,TLAOLA,XOCHINANACATLAN,1. DOCENTE,DOCENTE: MAESTRA O MAESTRO DE GRUPO,JORNADA,03 - EDUCACION PRIMARIA,N/A,N/A,NINGUNA,HUAUCHINANGO,,,
,FEDERAL,21DPR3707Q,RICARDO REYES MARQUEZ,QUECHOLAC,PALMARITO TOCHAPAN,1. DOCENTE,DOCENTE: MAESTRA O MAESTRO DE GRUPO,JORNADA,03 - EDUCACION PRIMARIA,N/A,N/A,NINGUNA,TEPEACA,SE MODIFICA LOCALIDAD CORRECTA,,
,FEDERAL,21DPR1500L,MARGARITA MAZA DE JUAREZ,GUADALUPE,SAN RAFAEL LA PAZ,1. DOCENTE,DOCENTE: MAESTRA O MAESTRO DE GRUPO,JORNADA,03 - EDUCACION PRIMARIA,N/A,N/A,NINGUNA,ACATL�N,SE MODIFICA LOCALIDAD CORRECTA,,
,FEDERAL,21DPR0725L,REVOLUCION,VICENTE GUERRERO,ALHUACA,1. DOCENTE,DOCENTE: MAESTRA O MAESTRO DE GRUPO,JORNADA,03 - EDUCACION PRIMARIA,N/A,N/A,NINGUNA,TEHUAC�N,,,
,FEDERAL,21DPR0399G,CADETE VICENTE SUAREZ,TECAMACHALCO,SAN BALTAZAR,1. DOCENTE,DOCENTE: MAESTRA O MAESTRO DE GRUPO,JORNADA,03 - EDUCACION PRIMARIA,N/A,N/A,NINGUNA,TEPEACA,,,
,FEDERAL,21DPR0895F,IGNACIO ALLENDE,ZOQUITLAN,COYOLAPA,1. DOCENTE,DOCENTE: MAESTRA O MAESTRO DE GRUPO,JORNADA,03 - EDUCACION PRIMARIA,N/A,N/A,NINGUNA,TEHUAC�N,,,
,FEDERAL,21DPR1106J,BENITO JUAREZ,ELOXOCHITLAN,XONOTIPAN DE JUAREZ,1. DOCENTE,DOCENTE: MAESTRA O MAESTRO DE GRUPO,JORNADA,03 - EDUCACION PRIMARIA,N/A,N/A,NINGUNA,TEHUAC�N,,,
,FEDERAL,21DPR0485C,REPUBLICA DE CUBA,TEPEACA,ZAHUATLAN DE MORELOS (SAN JOSE),1. DOCENTE,DOCENTE: MAESTRA O MAESTRO DE GRUPO,JORNADA,03 - EDUCACION PRIMARIA,N/A,N/A,NINGUNA,TEPEACA,,,
,FEDERAL,21DPR0266Q,JOSE MARIA MORELOS,QUECHOLAC,SANTA CATARINA VILLANUEVA,1. DOCENTE,DOCENTE: MAESTRA O MAESTRO DE GRUPO,JORNADA,03 - EDUCACION PRIMARIA,N/A,N/A,NINGUNA,TEPEACA,,,
,FEDERAL,21DPR2272O,IGNACIO ZARAGOZA,AHUATLAN,AHUATLAN,1. DOCENTE,DOCENTE: MAESTRA O MAESTRO DE GRUPO,JORNADA,03 - EDUCACION PRIMARIA,N/A,N/A,NINGUNA,IZ�CAR DE MATAMOROS,,,
,FEDERAL,21DPR0725L,REVOLUCION,VICENTE GUERRERO,ALHUACA,1. DOCENTE,DOCENTE: MAESTRA O MAESTRO DE GRUPO,JORNADA,03 - EDUCACION PRIMARIA,N/A,N/A,NINGUNA,TEHUAC�N,,,
,FEDERAL,21DPR0491N,HERMANOS SERDAN,TEPETZINTLA,TLAMANCA DE HERNANDEZ,1. DOCENTE,DOCENTE: MAESTRA O MAESTRO DE GRUPO,JORNADA,03 - EDUCACION PRIMARIA,N/A,N/A,NINGUNA,ZACATL�N,,,
,FEDERAL,21DPR2303R,JUSTO SIERRA,AJALPAN,HUITZMALOC,1. DOCENTE,DOCENTE: MAESTRA O MAESTRO DE GRUPO,JORNADA,03 - EDUCACION PRIMARIA,N/A,N/A,NINGUNA,TEHUAC�N,,,
,FEDERAL,21DPR0373Z,BENITO JUAREZ,SANTO TOMAS HUEYOTLIPAN,SANTO TOMAS HUEYOTLIPAN,1. DOCENTE,DOCENTE: MAESTRA O MAESTRO DE GRUPO,JORNADA,03 - EDUCACION PRIMARIA,N/A,N/A,NINGUNA,TEPEACA,,,
,FEDERAL,21DPR0608W,VICENTE GUERRERO,TLACUILOTEPEC,ITZATLAN,1. DOCENTE,DOCENTE: MAESTRA O MAESTRO DE GRUPO,JORNADA,03 - EDUCACION PRIMARIA,N/A,N/A,NINGUNA,HUAUCHINANGO,,,
,FEDERAL,21DPR0266Q,JOSE MARIA MORELOS,QUECHOLAC,SANTA CATARINA VILLANUEVA,1. DOCENTE,DOCENTE: MAESTRA O MAESTRO DE GRUPO,JORNADA,03 - EDUCACION PRIMARIA,N/A,N/A,NINGUNA,TEPEACA,,,
,FEDERAL,21DPR0418E,AQUILES SERDAN,ACAJETE,LA MAGDALENA TETELA MORELOS,1. DOCENTE,DOCENTE: MAESTRA O MAESTRO DE GRUPO,JORNADA,03 - EDUCACION PRIMARIA,N/A,N/A,NINGUNA,TEPEACA,,,
,FEDERAL,21DPR0305B,EVOLUCION,SAN JUAN ATENCO,SANTA CRUZ COYOTEPEC,1. DOCENTE,DOCENTE: MAESTRA O MAESTRO DE GRUPO,JORNADA,03 - EDUCACION PRIMARIA,N/A,N/A,NINGUNA,CIUDAD SERD�N,,,
,FEDERAL,21DPR1572E,IGNACIO ALLENDE,HUATLATLAUCA,TEPETZITZINTLA,1. DOCENTE,DOCENTE: MAESTRA O MAESTRO DE GRUPO,JORNADA,03 - EDUCACION PRIMARIA,N/A,N/A,NINGUNA,TEPEXI DE RODR�GUEZ,,,
,FEDERAL,21DPR1044N,AQUILES SERDAN,TOCHIMILCO,GUADALUPE,1. DOCENTE,DOCENTE: MAESTRA O MAESTRO DE GRUPO,JORNADA,03 - EDUCACION PRIMARIA,N/A,N/A,NINGUNA,ATLIXCO,,,
,FEDERAL,21DPR0898C,CUAUHTEMOC,ZOQUITL�N,TEPEXILOTLA,1. DOCENTE,DOCENTE: MAESTRA O MAESTRO DE GRUPO,JORNADA,03 - EDUCACION PRIMARIA,N/A,N/A,NINGUNA,TEHUAC�N,,,
,FEDERAL,21DPR1276D,MIGUEL HIDALGO,HUAQUECHULA,TLAPETLAHUAYA,1. DOCENTE,DOCENTE: MAESTRA O MAESTRO DE GRUPO,JORNADA,03 - EDUCACION PRIMARIA,N/A,N/A,NINGUNA,ATLIXCO,,,
,FEDERAL,21DPR0399G,CADETE VICENTE SUAREZ,TECAMACHALCO,SAN BALTAZAR,1. DOCENTE,DOCENTE: MAESTRA O MAESTRO DE GRUPO,JORNADA,03 - EDUCACION PRIMARIA,N/A,N/A,NINGUNA,TEPEACA,,,
,FEDERAL,21DPR0485C,REPUBLICA DE CUBA,TEPEACA,ZAHUATLAN DE MORELOS (SAN JOSE),1. DOCENTE,DOCENTE: MAESTRA O MAESTRO DE GRUPO,JORNADA,03 - EDUCACION PRIMARIA,N/A,N/A,NINGUNA,TEPEACA,,,
,FEDERAL,21DPR1565V,ARTICULO 27 CONSTITUCIONAL,PUEBLA,SANTA MARIA GUADALUPE TECOLA,1. DOCENTE,DOCENTE: MAESTRA O MAESTRO DE GRUPO,JORNADA,03 - EDUCACION PRIMARIA,N/A,N/A,NINGUNA,PUEBLA SUR,,,
,FEDERAL,21DPR1565V,ARTICULO 27 CONSTITUCIONAL,PUEBLA,SANTA MARIA GUADALUPE TECOLA,1. DOCENTE,DOCENTE: MAESTRA O MAESTRO DE GRUPO,JORNADA,03 - EDUCACION PRIMARIA,N/A,N/A,NINGUNA,PUEBLA SUR,,,
,FEDERAL,21DPR3049W,EMILIANO ZAPATA,AJALPAN,XOCHITZINGA,1. DOCENTE,DOCENTE: MAESTRA O MAESTRO DE GRUPO,JORNADA,03 - EDUCACION PRIMARIA,N/A,N/A,NINGUNA,TEHUAC�N,,,
,FEDERAL,21DPR2337H,JOSE MARIA MORELOS,COYOMEAPAN,SAN JUAN CUAUTLA,1. DOCENTE,DOCENTE: MAESTRA O MAESTRO DE GRUPO,JORNADA,03 - EDUCACION PRIMARIA,N/A,N/A,NINGUNA,TEHUAC�N,,,
,FEDERAL,21DPR2771K,EMILIANO ZAPATA,ACATZINGO,HERN�NDEZ,1. DOCENTE,DOCENTE: MAESTRA O MAESTRO DE GRUPO,JORNADA,03 - EDUCACION PRIMARIA,N/A,N/A,NINGUNA,TEPEACA,,,
,FEDERAL,21DPR0608W,VICENTE GUERRERO,TLACUILOTEPEC,ITZATL�N,1. DOCENTE,DOCENTE: MAESTRA O MAESTRO DE GRUPO,JORNADA,03 - EDUCACION PRIMARIA,N/A,N/A,NINGUNA,HUAUCHINANGO,,,
,FEDERAL,21DPR1610R,GENERAL LAZARO CARDENAS,AHUEHUETITLA,AHUEHUETITLA,1. DOCENTE,DOCENTE: MAESTRA O MAESTRO DE GRUPO,JORNADA,03 - EDUCACION PRIMARIA,N/A,N/A,NINGUNA,ACATL�N,,,
,FEDERAL,21DPR2376J,PROFESOR  JUAN RAMIREZ RAMOS,ATZITZIHUAC�N,SAN FRANCISCO XOCHITEOPAN,1. DOCENTE,DOCENTE: MAESTRA O MAESTRO DE GRUPO,JORNADA,03 - EDUCACION PRIMARIA,N/A,N/A,NINGUNA,ATLIXCO,,,
,FEDERAL,21DPR0373Z,BENITO JUAREZ,SANTO TOMAS HUEYOTLIPAN,SANTO TOMAS HUEYOTLIPAN,1. DOCENTE,DOCENTE: MAESTRA O MAESTRO DE GRUPO,JORNADA,03 - EDUCACION PRIMARIA,N/A,N/A,NINGUNA,TEPEACA,,,
,FEDERAL,21DPR0611J,AQUILES SERDAN,TLACUILOTEPEC,PAPALOCTIPAN,1. DOCENTE,DOCENTE: MAESTRA O MAESTRO DE GRUPO,JORNADA,03 - EDUCACION PRIMARIA,N/A,N/A,NINGUNA,HUAUCHINANGO,,,
,FEDERAL,21DPR0775T,NARCISO MENDOZA,XOCHITL�N TODOS SANTOS,XOCHITL�N,1. DOCENTE,DOCENTE: MAESTRA O MAESTRO DE GRUPO,JORNADA,03 - EDUCACION PRIMARIA,N/A,N/A,NINGUNA,TEPEACA,,,
,FEDERAL,21DPR0631X,VICENTE GUERRERO,TLACHICHUCA,SAN MIGUEL ZOAPAN,1. DOCENTE,DOCENTE: MAESTRA O MAESTRO DE GRUPO,JORNADA,03 - EDUCACION PRIMARIA,N/A,N/A,NINGUNA,CIUDAD SERD�N,,,
,FEDERAL,21DPR2272O,IGNACIO ZARAGOZA,AHUATLAN,AHUATLAN,1. DOCENTE,DOCENTE: MAESTRA O MAESTRO DE GRUPO,JORNADA,03 - EDUCACION PRIMARIA,N/A,N/A,NINGUNA,IZ�CAR DE MATAMOROS,,,
,FEDERAL,21DPR0611J,AQUILES SERDAN,TLACUILOTEPEC,PAPALOCTIPAN,1. DOCENTE,DOCENTE: MAESTRA O MAESTRO DE GRUPO,JORNADA,03 - EDUCACION PRIMARIA,N/A,N/A,NINGUNA,HUAUCHINANGO,,,
,FEDERAL,21DPR2011C,CARLOS PASTRANA,CHALCHICOMULA DE SESMA,JESUS NAZARENO (RANCHO NUEVO),1. DOCENTE,DOCENTE: MAESTRA O MAESTRO DE GRUPO,JORNADA,03 - EDUCACION PRIMARIA,N/A,N/A,NINGUNA,CIUDAD SERD�N,,,
,FEDERAL,21DPR2844M,PROGRESO,VICENTE GUERRERO,YAHUALUTZINGO,1. DOCENTE,DOCENTE: MAESTRA O MAESTRO DE GRUPO,JORNADA,03 - EDUCACION PRIMARIA,N/A,N/A,NINGUNA,TEHUAC�N,,,
,FEDERAL,21DPR3554C,20 DE NOVIEMBRE,PALMAR DE BRAVO,SAN MIGUEL XALTEPEC,1. DOCENTE,DOCENTE: MAESTRA O MAESTRO DE GRUPO,JORNADA,03 - EDUCACION PRIMARIA,N/A,N/A,NINGUNA,CIUDAD SERD�N,,,
,FEDERAL,21DPR0484D,RODOLFO SANCHEZ TABOADA,TEPEACA,VICENTE GUERRERO,1. DOCENTE,DOCENTE: MAESTRA O MAESTRO DE GRUPO,JORNADA,03 - EDUCACION PRIMARIA,N/A,N/A,NINGUNA,TEPEACA,,,
,FEDERAL,21DPR1565V,ARTICULO 27 CONSTITUCIONAL,PUEBLA,SANTA MARIA GUADALUPE TECOLA,1. DOCENTE,DOCENTE: MAESTRA O MAESTRO DE GRUPO,JORNADA,03 - EDUCACION PRIMARIA,N/A,N/A,NINGUNA,PUEBLA SUR,,,
,FEDERAL,21DPR0725L,REVOLUCION,VICENTE GUERRERO,ALHUACA,1. DOCENTE,DOCENTE: MAESTRA O MAESTRO DE GRUPO,JORNADA,03 - EDUCACION PRIMARIA,N/A,N/A,NINGUNA,TEHUAC�N,,,
,FEDERAL,21DPR1602I,EMILIO CARRANZA,AHUEHUETITLA,SAN VICENTE EL PE�ON,1. DOCENTE,DOCENTE: MAESTRA O MAESTRO DE GRUPO,JORNADA,03 - EDUCACION PRIMARIA,N/A,N/A,NINGUNA,ACATL�N,,,
,FEDERAL,21DPR1563X,MARIANO MATAMOROS,PUEBLA,SAN PEDRO ZACACHIMALPA,1. DOCENTE,DOCENTE: MAESTRA O MAESTRO DE GRUPO,JORNADA,03 - EDUCACION PRIMARIA,N/A,N/A,NINGUNA,PUEBLA SUR,,,
,FEDERAL,21DPR1954L,GENERAL LAZARO CARDENAS,CHILA,FRANCISCO IBARRA RAMOS,1. DOCENTE,DOCENTE: MAESTRA O MAESTRO DE GRUPO,JORNADA,03 - EDUCACION PRIMARIA,N/A,N/A,NINGUNA,ACATL�N,,,
,FEDERAL,21DPR0443D,HEROES DEL SESENTA Y DOS,TEHUITZINGO,SAN FRANCISCO DE AS�S,1. DOCENTE,DOCENTE: MAESTRA O MAESTRO DE GRUPO,JORNADA,03 - EDUCACION PRIMARIA,N/A,N/A,NINGUNA,ACATL�N,,,
,FEDERAL,21DPR1602I,EMILIO CARRANZA,AHUEHUETITLA,SAN VICENTE EL PE�ON,1. DOCENTE,DOCENTE: MAESTRA O MAESTRO DE GRUPO,JORNADA,03 - EDUCACION PRIMARIA,N/A,N/A,NINGUNA,ACATL�N,,,
,FEDERAL,21DPR0991I,BENITO JUAREZ,TEHUITZINGO,TEHUITZINGO,1. DOCENTE,DOCENTE: MAESTRA O MAESTRO DE GRUPO,JORNADA,03 - EDUCACION PRIMARIA,N/A,N/A,NINGUNA,ACATL�N,,,
,FEDERAL,21DPR0990J,NI�OS HEROES,TEHUITZINGO,TEHUITZINGO,1. DOCENTE,DOCENTE: MAESTRA O MAESTRO DE GRUPO,JORNADA,03 - EDUCACION PRIMARIA,N/A,N/A,NINGUNA,ACATL�N,,,
,FEDERAL,21DPR0990J,NI�OS HEROES,TEHUITZINGO,TEHUITZINGO,1. DOCENTE,DOCENTE: MAESTRA O MAESTRO DE GRUPO,JORNADA,03 - EDUCACION PRIMARIA,N/A,N/A,NINGUNA,ACATL�N,,,
,FEDERAL,21DPR0188C,IGNACIO ZARAGOZA,PETLALCINGO,TEXCALAPA DE JUAREZ,1. DOCENTE,DOCENTE: MAESTRA O MAESTRO DE GRUPO,JORNADA,03 - EDUCACION PRIMARIA,N/A,N/A,NINGUNA,ACATL�N,,,
,FEDERAL,21DPR0180K,JUSTO SIERRA,PETLALCINGO,PETLALCINGO,1. DOCENTE,DOCENTE: MAESTRA O MAESTRO DE GRUPO,JORNADA,03 - EDUCACION PRIMARIA,N/A,N/A,NINGUNA,ACATL�N,,,
,FEDERAL,21DPR1555O,IGNACIO ALLENDE,CUAUTINCH�N,SAN JER�NIMO ALMOLOYA,1. DOCENTE,DOCENTE: MAESTRA O MAESTRO DE GRUPO,JORNADA,03 - EDUCACION PRIMARIA,N/A,N/A,NINGUNA,TEPEACA,,,
,FEDERAL,21DPR1541L,JOSE MARIA MORELOS,ATLIXCO,SAN ISIDRO HUILOTEPEC,1. DOCENTE,DOCENTE: MAESTRA O MAESTRO DE GRUPO,JORNADA,03 - EDUCACION PRIMARIA,N/A,N/A,NINGUNA,ATLIXCO,,,
,FEDERAL,21DPR1539X,RICARDO FLORES MAGON,ATLIXCO,SANTA LUCIA COSAMALOAPAN,1. DOCENTE,DOCENTE: MAESTRA O MAESTRO DE GRUPO,JORNADA,03 - EDUCACION PRIMARIA,N/A,N/A,NINGUNA,ATLIXCO,,,
,FEDERAL,21DPR1539X,RICARDO FLORES MAGON,ATLIXCO,SANTA LUCIA COSAMALOAPAN,1. DOCENTE,DOCENTE: MAESTRA O MAESTRO DE GRUPO,JORNADA,03 - EDUCACION PRIMARIA,N/A,N/A,NINGUNA,ATLIXCO,,,
,FEDERAL,21DPR1533C,VALERIO TRUJANO,ATLIXCO,SAN FELIX ALMAZAN,1. DOCENTE,DOCENTE: MAESTRA O MAESTRO DE GRUPO,JORNADA,03 - EDUCACION PRIMARIA,N/A,N/A,NINGUNA,ATLIXCO,,,
,FEDERAL,21DPR1044N,AQUILES SERDAN,TOCHIMILCO,GUADALUPE,1. DOCENTE,DOCENTE: MAESTRA O MAESTRO DE GRUPO,JORNADA,03 - EDUCACION PRIMARIA,N/A,N/A,NINGUNA,ATLIXCO,,,
,FEDERAL,21DPR2227B,AQUILES SERDAN,ATLIXCO,JUAN UVERA,1. DOCENTE,DOCENTE: MAESTRA O MAESTRO DE GRUPO,JORNADA,03 - EDUCACION PRIMARIA,N/A,N/A,NINGUNA,ATLIXCO,,,
,FEDERAL,21DPR0775T,NARCISO MENDOZA,XOCHITL�N TODOS SANTOS,XOCHITL�N,1. DOCENTE,DOCENTE: MAESTRA O MAESTRO DE GRUPO,JORNADA,03 - EDUCACION PRIMARIA,N/A,N/A,NINGUNA,TEPEACA,,,
,FEDERAL,21DPR3563K,ANDRES QUINTANA ROO,GENERAL FELIPE �NGELES,SANTA �RSULA CHICONQUIAC,1. DOCENTE,DOCENTE: MAESTRA O MAESTRO DE GRUPO,JORNADA,03 - EDUCACION PRIMARIA,N/A,N/A,NINGUNA,TEPEACA,,,
,FEDERAL,21DPR2313Y,5 DE MAYO,ACATZINGO,SAN SEBASTI�N VILLANUEVA,1. DOCENTE,DOCENTE: MAESTRA O MAESTRO DE GRUPO,JORNADA,03 - EDUCACION PRIMARIA,N/A,N/A,NINGUNA,TEPEACA,,,
,FEDERAL,21DPR3408S,CUAUHTEMOC,PALMAR DE BRAVO,CUESTA BLANCA,1. DOCENTE,DOCENTE: MAESTRA O MAESTRO DE GRUPO,JORNADA,03 - EDUCACION PRIMARIA,N/A,N/A,NINGUNA,CIUDAD SERD�N,,,
,FEDERAL,21DPR2818O,IGNACIO ZARAGOZA,PALMAR DE BRAVO,SAN MIGUEL XALTEPEC,1. DOCENTE,DOCENTE: MAESTRA O MAESTRO DE GRUPO,JORNADA,03 - EDUCACION PRIMARIA,N/A,N/A,NINGUNA,CIUDAD SERD�N,,,
,FEDERAL,21DPR2514V,LICENCIADO JOSE VASCONCELOS,IXCAMILPA DE GUERRERO,TOLTECAMILA,1. DOCENTE,DOCENTE: MAESTRA O MAESTRO DE GRUPO,JORNADA,03 - EDUCACION PRIMARIA,N/A,N/A,NINGUNA,IZ�CAR DE MATAMOROS,,,
,FEDERAL,21DPR1094V,CARMEN SERDAN,CHILCHOTLA,FRANCISCO I. MADERO,1. DOCENTE,DOCENTE: MAESTRA O MAESTRO DE GRUPO,JORNADA,03 - EDUCACION PRIMARIA,N/A,N/A,NINGUNA,LIBRES,,,
,FEDERAL,21DPR1003N,MELCHOR OCAMPO,CHICHIQUILA,EL PALMAR,1. DOCENTE,DOCENTE: MAESTRA O MAESTRO DE GRUPO,JORNADA,03 - EDUCACION PRIMARIA,N/A,N/A,NINGUNA,LIBRES,,,
,FEDERAL,21DPR1003N,MELCHOR OCAMPO,CHICHIQUILA,EL PALMAR,1. DOCENTE,DOCENTE: MAESTRA O MAESTRO DE GRUPO,JORNADA,03 - EDUCACION PRIMARIA,N/A,N/A,NINGUNA,LIBRES,,,
,FEDERAL,21DPR0775T,NARCISO MENDOZA,XOCHITL�N TODOS SANTOS,XOCHITL�N,1. DOCENTE,DOCENTE: MAESTRA O MAESTRO DE GRUPO,JORNADA,03 - EDUCACION PRIMARIA,N/A,N/A,NINGUNA,TEPEACA,,,
,FEDERAL,21DPR0657E,IGNACIO ZARAGOZA,TLAOLA,TLALTEPANGO,1. DOCENTE,DOCENTE: MAESTRA O MAESTRO DE GRUPO,JORNADA,03 - EDUCACION PRIMARIA,N/A,N/A,NINGUNA,HUAUCHINANGO,,,
,FEDERAL,21DPR1939T,VICENTE GUERRERO,PALMAR DE BRAVO,LA PUR�SIMA,1. DOCENTE,DOCENTE: MAESTRA O MAESTRO DE GRUPO,JORNADA,03 - EDUCACION PRIMARIA,N/A,N/A,NINGUNA,CIUDAD SERD�N,,,
,FEDERAL,21DPR0264S,MIGUEL HIDALGO,QUECHOLAC,SAN SIM�N DE BRAVO,1. DOCENTE,DOCENTE: MAESTRA O MAESTRO DE GRUPO,JORNADA,03 - EDUCACION PRIMARIA,N/A,N/A,NINGUNA,TEPEACA,CAMBIO DE CENTRO DE TRABAJO POR NECESIDADES DEL SERVICIO,,
,FEDERAL,21DPR1557M,CARMEN SERDAN,PUEBLA,SAN JOSE XACXAMAYO,1. DOCENTE,DOCENTE: MAESTRA O MAESTRO DE GRUPO,JORNADA,03 - EDUCACION PRIMARIA,N/A,N/A,NINGUNA,PUEBLA SUR,,,
,FEDERAL,21DPR2303R,JUSTO SIERRA,AJALPAN,HUITZMALOC,1. DOCENTE,DOCENTE: MAESTRA O MAESTRO DE GRUPO,JORNADA,03 - EDUCACION PRIMARIA,N/A,N/A,NINGUNA,TEHUAC�N,,,
,FEDERAL,21DPR1807B,HERMANOS FLORES MAGON,ELOXOCHITLAN,LOMA BONITA,1. DOCENTE,DOCENTE: MAESTRA O MAESTRO DE GRUPO,JORNADA,03 - EDUCACION PRIMARIA,N/A,N/A,NINGUNA,TEHUAC�N,,,
,FEDERAL,21DPR1807B,HERMANOS FLORES MAGON,ELOXOCHITLAN,LOMA BONITA,1. DOCENTE,DOCENTE: MAESTRA O MAESTRO DE GRUPO,JORNADA,03 - EDUCACION PRIMARIA,N/A,N/A,NINGUNA,TEHUAC�N,,,
,FEDERAL,21DPR1807B,HERMANOS FLORES MAGON,ELOXOCHITLAN,LOMA BONITA,1. DOCENTE,DOCENTE: MAESTRA O MAESTRO DE GRUPO,JORNADA,03 - EDUCACION PRIMARIA,N/A,N/A,NINGUNA,TEHUAC�N,,,
,FEDERAL,21DPR1807B,HERMANOS FLORES MAGON,ELOXOCHITLAN,LOMA BONITA,1. DOCENTE,DOCENTE: MAESTRA O MAESTRO DE GRUPO,JORNADA,03 - EDUCACION PRIMARIA,N/A,N/A,NINGUNA,TEHUAC�N,,,
,FEDERAL,21DPR1807B,HERMANOS FLORES MAGON,ELOXOCHITLAN,LOMA BONITA,1. DOCENTE,DOCENTE: MAESTRA O MAESTRO DE GRUPO,JORNADA,03 - EDUCACION PRIMARIA,N/A,N/A,NINGUNA,TEHUAC�N,,,
,FEDERAL,21DPR1807B,HERMANOS FLORES MAGON,ELOXOCHITLAN,LOMA BONITA,1. DOCENTE,DOCENTE: MAESTRA O MAESTRO DE GRUPO,JORNADA,03 - EDUCACION PRIMARIA,N/A,N/A,NINGUNA,TEHUAC�N,,,
,FEDERAL,21DPR1794O,FRANCISCO I. MADERO,SAN SEBASTIAN TLACOTEPEC,TENTZIANTLA,1. DOCENTE,DOCENTE: MAESTRA O MAESTRO DE GRUPO,JORNADA,03 - EDUCACION PRIMARIA,N/A,N/A,NINGUNA,TEHUAC�N,,,
,FEDERAL,21DPR1794O,FRANCISCO I. MADERO,SAN SEBASTIAN TLACOTEPEC,TENTZIANTLA,1. DOCENTE,DOCENTE: MAESTRA O MAESTRO DE GRUPO,JORNADA,03 - EDUCACION PRIMARIA,N/A,N/A,NINGUNA,TEHUAC�N,,,
,FEDERAL,21DPR1794O,FRANCISCO I. MADERO,SAN SEBASTIAN TLACOTEPEC,TENTZIANTLA,1. DOCENTE,DOCENTE: MAESTRA O MAESTRO DE GRUPO,JORNADA,03 - EDUCACION PRIMARIA,N/A,N/A,NINGUNA,TEHUAC�N,,,
,FEDERAL,21DPR1794O,FRANCISCO I. MADERO,SAN SEBASTIAN TLACOTEPEC,TENTZIANTLA,1. DOCENTE,DOCENTE: MAESTRA O MAESTRO DE GRUPO,JORNADA,03 - EDUCACION PRIMARIA,N/A,N/A,NINGUNA,TEHUAC�N,,,
,FEDERAL,21DPR1794O,FRANCISCO I. MADERO,SAN SEBASTIAN TLACOTEPEC,TENTZIANTLA,1. DOCENTE,DOCENTE: MAESTRA O MAESTRO DE GRUPO,JORNADA,03 - EDUCACION PRIMARIA,N/A,N/A,NINGUNA,TEHUAC�N,,,
,FEDERAL,21DPR1106J,BENITO JUAREZ,ELOXOCHITLAN,XONOTIPAN DE JUAREZ,1. DOCENTE,DOCENTE: MAESTRA O MAESTRO DE GRUPO,JORNADA,03 - EDUCACION PRIMARIA,N/A,N/A,NINGUNA,TEHUAC�N,,,
,FEDERAL,21DPR1106J,BENITO JUAREZ,ELOXOCHITLAN,XONOTIPAN DE JUAREZ,1. DOCENTE,DOCENTE: MAESTRA O MAESTRO DE GRUPO,JORNADA,03 - EDUCACION PRIMARIA,N/A,N/A,NINGUNA,TEHUAC�N,,,
,FEDERAL,21DPR0895F,IGNACIO ALLENDE,ZOQUITLAN,COYOLAPA,1. DOCENTE,DOCENTE: MAESTRA O MAESTRO DE GRUPO,JORNADA,03 - EDUCACION PRIMARIA,N/A,N/A,NINGUNA,TEHUAC�N,,,
,FEDERAL,21DPR0895F,IGNACIO ALLENDE,ZOQUITLAN,COYOLAPA,1. DOCENTE,DOCENTE: MAESTRA O MAESTRO DE GRUPO,JORNADA,03 - EDUCACION PRIMARIA,N/A,N/A,NINGUNA,TEHUAC�N,,,
,FEDERAL,21DPR3707Q,RICARDO REYES MARQUEZ,QUECHOLAC,PALMARITO TOCHAPAN,1. DOCENTE,DOCENTE: MAESTRA O MAESTRO DE GRUPO,JORNADA,03 - EDUCACION PRIMARIA,N/A,N/A,NINGUNA,TEPEACA,SE MODIFICA LOCALIDAD CORRECTA,,
,FEDERAL,21DPR3637L,SATURNINA MARTINEZ RAMIREZ,ACATZINGO,SAN SEBASTIAN VILLANUEVA,1. DOCENTE,DOCENTE: MAESTRA O MAESTRO DE GRUPO,JORNADA,03 - EDUCACION PRIMARIA,N/A,N/A,NINGUNA,TEPEACA,,,
,FEDERAL,21DPR2136K,JOSE MARIA MORELOS,GENERAL FELIPE �NGELES,SANTIAGO TENANGO,1. DOCENTE,DOCENTE: MAESTRA O MAESTRO DE GRUPO,JORNADA,03 - EDUCACION PRIMARIA,N/A,N/A,NINGUNA,TEPEACA,,,
,FEDERAL,21DPR3545V,JOSE VASCONCELOS,SAN SALVADOR HUIXCOLOTLA,SAN SALVADOR HUIXCOLOTLA,1. DOCENTE,DOCENTE: MAESTRA O MAESTRO DE GRUPO,JORNADA,03 - EDUCACION PRIMARIA,N/A,N/A,NINGUNA,TEPEACA,,,
,FEDERAL,21DPR3473S,GREGORIO TORRES QUINTERO,LOS REYES DE JUAREZ,LOS REYES DE JUAREZ,1. DOCENTE,DOCENTE: MAESTRA O MAESTRO DE GRUPO,JORNADA,03 - EDUCACION PRIMARIA,N/A,N/A,NINGUNA,TEPEACA,,,
,FEDERAL,21DPR0707W,FRANCISCO I. MADERO,TOCHTEPEC,SAN BARTOLOME TEPETLACALTECHCO,1. DOCENTE,DOCENTE: MAESTRA O MAESTRO DE GRUPO,JORNADA,03 - EDUCACION PRIMARIA,N/A,N/A,NINGUNA,TEPEACA,,,
,FEDERAL,21DPR3401Z,MIGUEL HIDALGO,YEHUALTEPEC,SAN MIGUEL ZOZUTLA,1. DOCENTE,DOCENTE: MAESTRA O MAESTRO DE GRUPO,JORNADA,03 - EDUCACION PRIMARIA,N/A,N/A,NINGUNA,TEPEACA,,,
,FEDERAL,21DPR2890Y,TENOCHTITLAN,YEHUALTEPEC,SAN GABRIEL TETZOYOCAN,1. DOCENTE,DOCENTE: MAESTRA O MAESTRO DE GRUPO,JORNADA,03 - EDUCACION PRIMARIA,N/A,N/A,NINGUNA,TEPEACA,,,
,FEDERAL,21DPR2687M,VICENTE LOMBARDO TOLEDANO,QUECHOLAC,PALMARITO TOCHAPAN,1. DOCENTE,DOCENTE: MAESTRA O MAESTRO DE GRUPO,JORNADA,03 - EDUCACION PRIMARIA,N/A,N/A,NINGUNA,TEPEACA,,,
,FEDERAL,21DPR3718W,MARGARITA MAZA DE JUAREZ,LOS REYES DE JU�REZ,LOS REYES DE JU�REZ,1. DOCENTE,DOCENTE: MAESTRA O MAESTRO DE GRUPO,JORNADA,03 - EDUCACION PRIMARIA,N/A,N/A,NINGUNA,TEPEACA,,,
,FEDERAL,21DPR2631K,CALMECAC,XOCHITLAN TODOS SANTOS,XOCHITLAN,1. DOCENTE,DOCENTE: MAESTRA O MAESTRO DE GRUPO,JORNADA,03 - EDUCACION PRIMARIA,N/A,N/A,NINGUNA,TEPEACA,,,
,FEDERAL,21DPR2325C,MIGUEL ALEMAN,ACATZINGO,NICOLAS BRAVO,1. DOCENTE,DOCENTE: MAESTRA O MAESTRO DE GRUPO,JORNADA,03 - EDUCACION PRIMARIA,N/A,N/A,NINGUNA,TEPEACA,,,
,FEDERAL,21DPR2325C,MIGUEL ALEMAN,ACATZINGO,NICOLAS BRAVO,1. DOCENTE,DOCENTE: MAESTRA O MAESTRO DE GRUPO,JORNADA,03 - EDUCACION PRIMARIA,N/A,N/A,NINGUNA,TEPEACA,,,
,FEDERAL,21DPR2324D,MIGUEL HIDALGO,ACATZINGO,PROGRESO DE JUAREZ,1. DOCENTE,DOCENTE: MAESTRA O MAESTRO DE GRUPO,JORNADA,03 - EDUCACION PRIMARIA,N/A,N/A,NINGUNA,TEPEACA,,,
,FEDERAL,21DPR1926P,HERMANOS FLORES MAGON,TEPEACA,SAN HIPOLITO XOCHILTENANGO,1. DOCENTE,DOCENTE: MAESTRA O MAESTRO DE GRUPO,JORNADA,03 - EDUCACION PRIMARIA,N/A,N/A,NINGUNA,TEPEACA,,,
,FEDERAL,21DPR0484D,RODOLFO SANCHEZ TABOADA,TEPEACA,VICENTE GUERRERO,1. DOCENTE,DOCENTE: MAESTRA O MAESTRO DE GRUPO,JORNADA,03 - EDUCACION PRIMARIA,N/A,N/A,NINGUNA,TEPEACA,,,
,FEDERAL,21DPR1556N,LEONA VICARIO,CUAUTINCHAN,ALPATLAHUAC (SAN PEDRO ALPATLAHUAC),1. DOCENTE,DOCENTE: MAESTRA O MAESTRO DE GRUPO,JORNADA,03 - EDUCACION PRIMARIA,N/A,N/A,NINGUNA,TEPEACA,,,
,FEDERAL,21DPR1289H,GENERAL RODOLFO SANCHEZ TABOADA,ACATZINGO,SAN SEBASTIAN VILLANUEVA,1. DOCENTE,DOCENTE: MAESTRA O MAESTRO DE GRUPO,JORNADA,03 - EDUCACION PRIMARIA,N/A,N/A,NINGUNA,TEPEACA,,,
,FEDERAL,21DPR0076Z,AGUSTIN DE ITURBIDE,ACATZINGO,ACATZINGO DE HIDALGO,1. DOCENTE,DOCENTE: MAESTRA O MAESTRO DE GRUPO,JORNADA,03 - EDUCACION PRIMARIA,N/A,N/A,NINGUNA,TEPEACA,,,
,FEDERAL,21DPR1002O,CALMECAC,TECAMACHALCO,SANTIAGO ALSESECA,1. DOCENTE,DOCENTE: MAESTRA O MAESTRO DE GRUPO,JORNADA,03 - EDUCACION PRIMARIA,N/A,N/A,NINGUNA,TEPEACA,,,
,FEDERAL,21DPR0882B,IGNACIO ALLENDE,TEPEACA,SAN PABLO ACTIPAN,1. DOCENTE,DOCENTE: MAESTRA O MAESTRO DE GRUPO,JORNADA,03 - EDUCACION PRIMARIA,N/A,N/A,NINGUNA,TEPEACA,,,
,FEDERAL,21DPR0779P,FELIPE CARRILLO PUERTO,YEHUALTEPEC,OCOTL�N DE VENUSTIANO CARRANZA,1. DOCENTE,DOCENTE: MAESTRA O MAESTRO DE GRUPO,JORNADA,03 - EDUCACION PRIMARIA,N/A,N/A,NINGUNA,TEPEACA,SE MODIFICA LOCALIDAD CORRECTA,,
,FEDERAL,21DPR0604Z,DOLORES VEGA,TLACOTEPEC DE BENITO JUAREZ,TEPETLACOLCO,1. DOCENTE,DOCENTE: MAESTRA O MAESTRO DE GRUPO,JORNADA,03 - EDUCACION PRIMARIA,N/A,N/A,NINGUNA,TEPEACA,,,
,FEDERAL,21DPR0862O,CARLOS MARX,ZAPOTITL�N,SAN PEDRO ATZUMBA,1. DOCENTE,DOCENTE: MAESTRA O MAESTRO DE GRUPO,JORNADA,03 - EDUCACION PRIMARIA,N/A,N/A,NINGUNA,TEHUAC�N,,,
,FEDERAL,21DPR0479S,BENITO JUAREZ,TEPEACA,SAN NICOLAS ZOYAPETLAYOCA,1. DOCENTE,DOCENTE: MAESTRA O MAESTRO DE GRUPO,JORNADA,03 - EDUCACION PRIMARIA,N/A,N/A,NINGUNA,TEPEACA,,,
,FEDERAL,21DPR0479S,BENITO JUAREZ,TEPEACA,SAN NICOLAS ZOYAPETLAYOCA,1. DOCENTE,DOCENTE: MAESTRA O MAESTRO DE GRUPO,JORNADA,03 - EDUCACION PRIMARIA,N/A,N/A,NINGUNA,TEPEACA,,,
,FEDERAL,21DPR0473Y,IGNACIO ZARAGOZA,TEPEACA,SAN CRISTOBAL HIDALGO,1. DOCENTE,DOCENTE: MAESTRA O MAESTRO DE GRUPO,JORNADA,03 - EDUCACION PRIMARIA,N/A,N/A,NINGUNA,TEPEACA,,,
,FEDERAL,21DPR0469L,MIGUEL HIDALGO,TEPEACA,CANDELARIA PURIFICACI�N,1. DOCENTE,DOCENTE: MAESTRA O MAESTRO DE GRUPO,JORNADA,03 - EDUCACION PRIMARIA,N/A,N/A,NINGUNA,TEPEACA,SE MODIFICA LOCALIDAD CORRECTA,,
,FEDERAL,21DPR0399G,CADETE VICENTE SUAREZ,TECAMACHALCO,SAN BALTAZAR,1. DOCENTE,DOCENTE: MAESTRA O MAESTRO DE GRUPO,JORNADA,03 - EDUCACION PRIMARIA,N/A,N/A,NINGUNA,TEPEACA,,,
,FEDERAL,21DPR0398H,MIGUEL HIDALGO,TECAMACHALCO,SAN ANTONIO TECOLCO,1. DOCENTE,DOCENTE: MAESTRA O MAESTRO DE GRUPO,JORNADA,03 - EDUCACION PRIMARIA,N/A,N/A,NINGUNA,TEPEACA,,,
,FEDERAL,21DPR0277W,BENITO JUAREZ,LOS REYES DE JUAREZ,SANTIAGO ACOZAC,1. DOCENTE,DOCENTE: MAESTRA O MAESTRO DE GRUPO,JORNADA,03 - EDUCACION PRIMARIA,N/A,N/A,NINGUNA,TEPEACA,SE MODIFICA LOCALIDAD CORRECTA,,
,FEDERAL,21DPR0275y,REPUBLICA ARGENTINA,LOS REYES DE JUAREZ,LA CONCORDIA,1. DOCENTE,DOCENTE: MAESTRA O MAESTRO DE GRUPO,JORNADA,03 - EDUCACION PRIMARIA,N/A,N/A,NINGUNA,TEPEACA,SE MODIFICA LOCALIDAD CORRECTA,,
,FEDERAL,21DPR2303R,JUSTO SIERRA,AJALPAN,HUITZMALOC,1. DOCENTE,DOCENTE: MAESTRA O MAESTRO DE GRUPO,JORNADA,03 - EDUCACION PRIMARIA,N/A,N/A,NINGUNA,TEHUAC�N,,,
,FEDERAL,21DPR1573D,JUSTO SIERRA MENDEZ,SAN JUAN ATZOMPA,SAN JUAN ATZOMPA,1. DOCENTE,DOCENTE: MAESTRA O MAESTRO DE GRUPO,JORNADA,03 - EDUCACION PRIMARIA,N/A,N/A,NINGUNA,TEPEXI DE RODR�GUEZ,,,
,FEDERAL,21DPR1571F,VALENTIN GOMEZ FARIAS,HUATLATLAUCA,TEPANACITLA (GUADALUPE TEPANACITLA),1. DOCENTE,DOCENTE: MAESTRA O MAESTRO DE GRUPO,JORNADA,03 - EDUCACION PRIMARIA,N/A,N/A,NINGUNA,TEPEXI DE RODR�GUEZ,,,
,FEDERAL,21DPR0868I,EMILIANO ZAPATA,ZAPOTITL�N DE M�NDEZ,TUXTLA,1. DOCENTE,DOCENTE: MAESTRA O MAESTRO DE GRUPO,JORNADA,03 - EDUCACION PRIMARIA,N/A,N/A,NINGUNA,ZACAPOAXTLA,,,
,FEDERAL,21DPR0441F,ENRIQUE G. LEON URIBE,TEHUITZINGO,LA NORIA HIDALGO,1. DOCENTE,DOCENTE: MAESTRA O MAESTRO DE GRUPO,JORNADA,03 - EDUCACION PRIMARIA,N/A,N/A,NINGUNA,ACATL�N,,,
,FEDERAL,21DPR1610R,GENERAL LAZARO CARDENAS,AHUEHUETITLA,AHUEHUETITLA,1. DOCENTE,DOCENTE: MAESTRA O MAESTRO DE GRUPO,JORNADA,03 - EDUCACION PRIMARIA,N/A,N/A,NINGUNA,ACATL�N,,,
,FEDERAL,21DPR0406Z,AMADO NERVO,TECAMACHALCO,LA SOLEDAD,1. DOCENTE,DOCENTE: MAESTRA O MAESTRO DE GRUPO,JORNADA,03 - EDUCACION PRIMARIA,N/A,N/A,NINGUNA,TEPEACA,,,
,FEDERAL,21DPR0973T,AQUILES SERDAN,YEHUALTEPEC,YEHUALTEPEC,1. DOCENTE,DOCENTE: MAESTRA O MAESTRO DE GRUPO,JORNADA,03 - EDUCACION PRIMARIA,N/A,N/A,NINGUNA,TEPEACA,,,
,FEDERAL,21DPR0276X,MELCHOR OCAMPO,LOS REYES DE JUAREZ,SAN JUAN ACOZAC,1. DOCENTE,DOCENTE: MAESTRA O MAESTRO DE GRUPO,JORNADA,03 - EDUCACION PRIMARIA,N/A,N/A,NINGUNA,TEPEACA,,,
,FEDERAL,21DPR3637L,SATURNINA MARTINEZ RAMIREZ,ACATZINGO,SAN SEBASTI�N VILLANUEVA,1. DOCENTE,DOCENTE: MAESTRA O MAESTRO DE GRUPO,JORNADA,03 - EDUCACION PRIMARIA,N/A,N/A,NINGUNA,TEPEACA,,,
,FEDERAL,21DPR1975Y,LEONARDO BRAVO,CHALCHICOMULA DE SESMA,SAN ISIDRO CANOAS ALTAS,1. DOCENTE,DOCENTE: MAESTRA O MAESTRO DE GRUPO,JORNADA,03 - EDUCACION PRIMARIA,N/A,N/A,NINGUNA,CIUDAD SERD�N,,,
,FEDERAL,21DPR0076Z,AGUSTIN DE ITURBIDE,ACATZINGO,ACATZINGO DE HIDALGO,1. DOCENTE,DOCENTE: MAESTRA O MAESTRO DE GRUPO,JORNADA,03 - EDUCACION PRIMARIA,N/A,N/A,NINGUNA,TEPEACA,,,
,FEDERAL,21DPR2116X,VICENTE GUERRERO,HUAQUECHULA,SOLEDAD MORELOS,1. DOCENTE,DOCENTE: MAESTRA O MAESTRO DE GRUPO,JORNADA,03 - EDUCACION PRIMARIA,N/A,N/A,NINGUNA,ATLIXCO,,,
,FEDERAL,21DPR0078X,NATALIA SERD�N ALATRISTE,TEPEACA,SANTIAGO ACATL�N,1. DOCENTE,DOCENTE: MAESTRA O MAESTRO DE GRUPO,JORNADA,03 - EDUCACION PRIMARIA,N/A,N/A,NINGUNA,TEPEACA,CAMBIO DE CENTRO DE TRABAJO POR NECESIDADES DEL SERVICIO,,
,FEDERAL,21DPR2303R,JUSTO SIERRA,AJALPAN,HUITZMALOC,1. DOCENTE,DOCENTE: MAESTRA O MAESTRO DE GRUPO,JORNADA,03 - EDUCACION PRIMARIA,N/A,N/A,NINGUNA,TEHUAC�N,,,
,FEDERAL,21DPR0265R,CUAUHTEMOC,QUECHOLAC,SAN JOSE TUZUAPAN,1. DOCENTE,DOCENTE: MAESTRA O MAESTRO DE GRUPO,JORNADA,03 - EDUCACION PRIMARIA,N/A,N/A,NINGUNA,TEPEACA,,,
,FEDERAL,21DPR0996D,16 DE SEPTIEMBRE,TOCHTEPEC,SAN MARTIN CALTENCO,1. DOCENTE,DOCENTE: MAESTRA O MAESTRO DE GRUPO,JORNADA,03 - EDUCACION PRIMARIA,N/A,N/A,NINGUNA,TEPEACA,,,
,FEDERAL,21DPR0170D,MAXIMINO AVILA CAMACHO,PALMAR DE BRAVO,CUESTA BLANCA,1. DOCENTE,DOCENTE: MAESTRA O MAESTRO DE GRUPO,JORNADA,03 - EDUCACION PRIMARIA,N/A,N/A,NINGUNA,CIUDAD SERD�N,,,
,FEDERAL,21DPR0483E,VICENTE GUERRERO,TEPEACA,TLAYOATLA JOYA DE RODRIGUEZ,1. DOCENTE,DOCENTE: MAESTRA O MAESTRO DE GRUPO,JORNADA,03 - EDUCACION PRIMARIA,N/A,N/A,NINGUNA,TEPEACA,,,
,FEDERAL,21DPR1559k,EL PORVENIR,TZICATLACOYAN,SAN ANTONIO JU�REZ,1. DOCENTE,DOCENTE: MAESTRA O MAESTRO DE GRUPO,JORNADA,03 - EDUCACION PRIMARIA,N/A,N/A,NINGUNA,TEPEACA,,,
,FEDERAL,21DPR2013A,CARLOS B. ZETINA,CHALCHICOMULA DE SESMA,CIUDAD SERD�N,1. DOCENTE,DOCENTE: MAESTRA O MAESTRO DE GRUPO,JORNADA,03 - EDUCACION PRIMARIA,N/A,N/A,NINGUNA,CIUDAD SERD�N,CAMBIO DE CENTRO DE TRABAJO POR NECESIDADES DEL SERVICIO,,
,FEDERAL,21DPR2313Y,5 DE MAYO,ACATZINGO,SAN SEBASTIAN VILLANUEVA,1. DOCENTE,DOCENTE: MAESTRA O MAESTRO DE GRUPO,JORNADA,03 - EDUCACION PRIMARIA,N/A,N/A,NINGUNA,TEPEACA,,,
,FEDERAL,21DPR0599E,GUADALUPE VICTORIA,TLACOTEPEC DE BENITO JU�REZ,GUADALUPE VICTORIA,1. DOCENTE,DOCENTE: MAESTRA O MAESTRO DE GRUPO,JORNADA,03 - EDUCACION PRIMARIA,N/A,N/A,NINGUNA,TEPEACA,,,
,FEDERAL,21DPR1241O,GUILLERMO PRIETO,QUIMIXTL�N,TOZIHUIC,1. DOCENTE,DOCENTE: MAESTRA O MAESTRO DE GRUPO,JORNADA,03 - EDUCACION PRIMARIA,N/A,N/A,NINGUNA,LIBRES,,,
,FEDERAL,21DPR0660S,IGNACIO MANUEL ALTAMIRANO,TLAOLA,XALTEPUXTLA,1. DOCENTE,DOCENTE: MAESTRA O MAESTRO DE GRUPO,JORNADA,03 - EDUCACION PRIMARIA,N/A,N/A,NINGUNA,HUAUCHINANGO,,,
,FEDERAL,21DPR0775T,NARCISO MENDOZA,XOCHITL�N TODOS SANTOS,XOCHITL�N,1. DOCENTE,DOCENTE: MAESTRA O MAESTRO DE GRUPO,JORNADA,03 - EDUCACION PRIMARIA,N/A,N/A,NINGUNA,TEPEACA,,,
,FEDERAL,21DPR2313Y,5 DE MAYO,ACATZINGO,SAN SEBASTIAN VILLANUEVA,1. DOCENTE,DOCENTE: MAESTRA O MAESTRO DE GRUPO,JORNADA,03 - EDUCACION PRIMARIA,N/A,N/A,NINGUNA,TEPEACA,,,
,FEDERAL,21DPR1277C,A�O INTERNACIONAL DEL NI�O,SAN SALVADOR HUIXCOLOTLA,SAN SALVADOR HUIXCOLOTLA,1. DOCENTE,DOCENTE: MAESTRA O MAESTRO DE GRUPO,JORNADA,03 - EDUCACION PRIMARIA,N/A,N/A,NINGUNA,TEPEACA,,,
,FEDERAL,21DPR2313Y,5 DE MAYO,ACATZINGO,SAN SEBASTIAN VILLANUEVA,1. DOCENTE,DOCENTE: MAESTRA O MAESTRO DE GRUPO,JORNADA,03 - EDUCACION PRIMARIA,N/A,N/A,NINGUNA,TEPEACA,,,
,FEDERAL,21DPR0399G,CADETE VICENTE SUAREZ,TECAMACHALCO,SAN BALTAZAR,1. DOCENTE,DOCENTE: MAESTRA O MAESTRO DE GRUPO,JORNADA,03 - EDUCACION PRIMARIA,N/A,N/A,NINGUNA,TEPEACA,,,
,FEDERAL,21DPR2093C,MELCHOR OCAMPO,CUAYUCA DE ANDRADE,SAN PEDRO CUAYUCA,1. DOCENTE,DOCENTE: MAESTRA O MAESTRO DE GRUPO,JORNADA,03 - EDUCACION PRIMARIA,N/A,N/A,NINGUNA,ACATL�N,,,
,FEDERAL,21DPR1814L,IGNACIO MANUEL ALTAMIRANO,ATLIXCO,SAN ESTEBAN ZOAPILTEPEC,1. DOCENTE,DOCENTE: MAESTRA O MAESTRO DE GRUPO,JORNADA,03 - EDUCACION PRIMARIA,N/A,N/A,NINGUNA,ATLIXCO,,,
,FEDERAL,21DPR0599E,GUADALUPE VICTORIA,TLACOTEPEC DE BENITO JU�REZ,GUADALUPE VICTORIA,1. DOCENTE,DOCENTE: MAESTRA O MAESTRO DE GRUPO,JORNADA,03 - EDUCACION PRIMARIA,N/A,N/A,NINGUNA,TEPEACA,,,
,FEDERAL,21DPR0899B,FELIPE CARRILLO PUERTO,ATZITZINTLA,SANTA CRUZ TEXMALAQUILLA,1. DOCENTE,DOCENTE: MAESTRA O MAESTRO DE GRUPO,JORNADA,03 - EDUCACION PRIMARIA,N/A,N/A,NINGUNA,CIUDAD SERD�N,,,
,FEDERAL,21DPR0899B,FELIPE CARRILLO PUERTO,ATZITZINTLA,SANTA CRUZ TEXMALAQUILLA,1. DOCENTE,DOCENTE: MAESTRA O MAESTRO DE GRUPO,JORNADA,03 - EDUCACION PRIMARIA,N/A,N/A,NINGUNA,CIUDAD SERD�N,,,
,FEDERAL,21DPR1092X,ESTADOS UNIDOS MEXICANOS,PALMAR DE BRAVO,BELLAVISTA DE VICTORIA (SAN JOS� BELLAVISTA),1. DOCENTE,DOCENTE: MAESTRA O MAESTRO DE GRUPO,JORNADA,03 - EDUCACION PRIMARIA,N/A,N/A,NINGUNA,CIUDAD SERD�N,,,
,FEDERAL,21DPR0265R,CUAUHTEMOC,QUECHOLAC,SAN JOSE TUZUAPAN,1. DOCENTE,DOCENTE: MAESTRA O MAESTRO DE GRUPO,JORNADA,03 - EDUCACION PRIMARIA,N/A,N/A,NINGUNA,TEPEACA,,,
,FEDERAL,21DPR1536Z,MANUEL DOMINGUEZ,ATLIXCO,SANTO DOMINGO ATOYATEMPAN,1. DOCENTE,DOCENTE: MAESTRA O MAESTRO DE GRUPO,JORNADA,03 - EDUCACION PRIMARIA,N/A,N/A,NINGUNA,ATLIXCO,,,
,FEDERAL,21DPR3707Q,RICARDO REYES MARQUEZ,QUECHOLAC,PALMARITO TOCHAPAN,1. DOCENTE,DOCENTE: MAESTRA O MAESTRO DE GRUPO,JORNADA,03 - EDUCACION PRIMARIA,N/A,N/A,NINGUNA,TEPEACA,,,
,FEDERAL,21DPR1290X,EL PENSADOR MEXICANO,COXCATL�N,XACALCO,1. DOCENTE,DOCENTE: MAESTRA O MAESTRO DE GRUPO,JORNADA,03 - EDUCACION PRIMARIA,N/A,N/A,NINGUNA,TEHUAC�N,,,
,FEDERAL,21DPR0418E,AQUILES SERDAN,ACAJETE,LA MAGDALENA TETELA MORELOS,1. DOCENTE,DOCENTE: MAESTRA O MAESTRO DE GRUPO,JORNADA,03 - EDUCACION PRIMARIA,N/A,N/A,NINGUNA,TEPEACA,,,
,FEDERAL,21DPR0452L,MARIANO ESCOBEDO,TEHUITZINGO,TUZANTLAN (MARIANO ESCOBEDO),1. DOCENTE,DOCENTE: MAESTRA O MAESTRO DE GRUPO,JORNADA,03 - EDUCACION PRIMARIA,N/A,N/A,NINGUNA,ACATL�N,,,
,FEDERAL,21DPR0273Z,MAXIMINO AVILA CAMACHO,LOS REYES DE JUAREZ,LOS REYES DE JUAREZ,1. DOCENTE,DOCENTE: MAESTRA O MAESTRO DE GRUPO,JORNADA,03 - EDUCACION PRIMARIA,N/A,N/A,NINGUNA,TEPEACA,,,
,FEDERAL,21DPR0483E,VICENTE GUERRERO,TEPEACA,TLAYOATLA JOYA DE RODR�GUEZ,1. DOCENTE,DOCENTE: MAESTRA O MAESTRO DE GRUPO,JORNADA,03 - EDUCACION PRIMARIA,N/A,N/A,NINGUNA,TEPEACA,,,
,FEDERAL,21DPR1540M,EMILIANO ZAPATA,ATLIXCO,SAN FELIX HIDALGO,1. DOCENTE,DOCENTE: MAESTRA O MAESTRO DE GRUPO,JORNADA,03 - EDUCACION PRIMARIA,N/A,N/A,NINGUNA,ATLIXCO,,,
,FEDERAL,21DPR1109G,IGNACIO ZARAGOZA,GENERAL FELIPE �NGELES,SAN ANTONIO PORTEZUELO,1. DOCENTE,DOCENTE: MAESTRA O MAESTRO DE GRUPO,JORNADA,03 - EDUCACION PRIMARIA,N/A,N/A,NINGUNA,TEPEACA,,,
,FEDERAL,21DPR2713U,EMILIANO ZAPATA,TEPEACA,SANTIAGO ACATLAN,1. DOCENTE,DOCENTE: MAESTRA O MAESTRO DE GRUPO,JORNADA,03 - EDUCACION PRIMARIA,N/A,N/A,NINGUNA,TEPEACA,,,
,FEDERAL,21DPR2183V,BRAULIO RODRIGUEZ,CUAUTINCH�N,CONCEPCI�N PARDI�AS,1. DOCENTE,DOCENTE: MAESTRA O MAESTRO DE GRUPO,JORNADA,03 - EDUCACION PRIMARIA,N/A,N/A,NINGUNA,TEPEACA,,,
,FEDERAL,21DPR1953M,MIGUEL HIDALGO,QUECHOLAC,GUADALUPE ENRIQUEZ,1. DOCENTE,DOCENTE: MAESTRA O MAESTRO DE GRUPO,JORNADA,03 - EDUCACION PRIMARIA,N/A,N/A,NINGUNA,TEPEACA,,,
,FEDERAL,21DPR1782J,LAZARO CARDENAS,NAUPAN,CUAHUIHUITZOTITLA,1. DOCENTE,DOCENTE: MAESTRA O MAESTRO DE GRUPO,JORNADA,03 - EDUCACION PRIMARIA,N/A,N/A,NINGUNA,HUAUCHINANGO,,,
,FEDERAL,21DPR2135L,VICENTE GUERRERO,GENERAL FELIPE ANGELES,CANDELARIA PORTEZUELO,1. DOCENTE,DOCENTE: MAESTRA O MAESTRO DE GRUPO,JORNADA,03 - EDUCACION PRIMARIA,N/A,N/A,NINGUNA,TEPEACA,,,
,FEDERAL,21DPR2258V,MTRO. RAUL ISIDRO BURGOS,QUECHOLAC,PALMARITO TOCHAPAN,1. DOCENTE,DOCENTE: MAESTRA O MAESTRO DE GRUPO,JORNADA,03 - EDUCACION PRIMARIA,N/A,N/A,NINGUNA,TEPEACA,,,
,FEDERAL,21DPR1569R,HERMENEGILDO GALEANA,PUEBLA,SAN ANDRES AZUMIATLA,1. DOCENTE,DOCENTE: MAESTRA O MAESTRO DE GRUPO,JORNADA,03 - EDUCACION PRIMARIA,N/A,N/A,NINGUNA,PUEBLA SUR,,,
,FEDERAL,21DPR0273Z,MAXIMINO AVILA CAMACHO,LOS REYES DE JU�REZ,BENITO JU�REZ,1. DOCENTE,DOCENTE: MAESTRA O MAESTRO DE GRUPO,JORNADA,03 - EDUCACION PRIMARIA,N/A,N/A,NINGUNA,TEPEACA,,,
,FEDERAL,21DPR1061D,IGNACIO ZARAGOZA,TLAOLA,CHICAHUAXTLA,1. DOCENTE,DOCENTE: MAESTRA O MAESTRO DE GRUPO,JORNADA,03 - EDUCACION PRIMARIA,N/A,N/A,NINGUNA,HUAUCHINANGO,,,
,FEDERAL,21DPR0775T,NARCISO MENDOZA,XOCHITLAN TODOS SANTOS,XOCHITLAN,1. DOCENTE,DOCENTE: MAESTRA O MAESTRO DE GRUPO,JORNADA,03 - EDUCACION PRIMARIA,N/A,N/A,NINGUNA,TEPEACA,,,
,FEDERAL,21DPR1976X,AGUSTIN MELGAR,CHALCHICOMULA DE SESMA,ALVARO OBREGON,1. DOCENTE,DOCENTE: MAESTRA O MAESTRO DE GRUPO,JORNADA,03 - EDUCACION PRIMARIA,N/A,N/A,NINGUNA,CIUDAD SERD�N,,,
,FEDERAL,21DPR0273Z,MAXIMINO AVILA CAMACHO,LOS REYES DE JUAREZ,LOS REYES DE JUAREZ,1. DOCENTE,DOCENTE: MAESTRA O MAESTRO DE GRUPO,JORNADA,03 - EDUCACION PRIMARIA,N/A,N/A,NINGUNA,TEPEACA,,,
,FEDERAL,21DPR3725F,HERMANOS SERDAN,PUEBLA,GUADALUPE TLATELPA,1. DOCENTE,DOCENTE: MAESTRA O MAESTRO DE GRUPO,JORNADA,03 - EDUCACION PRIMARIA,N/A,N/A,NINGUNA,PUEBLA SUR,,,
,FEDERAL,21DPR1790S,EMILIANO ZAPATA,TLACOTEPEC DE BENITO JUAREZ,SANTO NOMBRE,1. DOCENTE,DOCENTE: MAESTRA O MAESTRO DE GRUPO,JORNADA,03 - EDUCACION PRIMARIA,N/A,N/A,NINGUNA,TEPEACA,,,
,FEDERAL,21DPR1569R,HERMENEGILDO GALEANA,PUEBLA,SAN ANDRES AZUMIATLA,1. DOCENTE,DOCENTE: MAESTRA O MAESTRO DE GRUPO,JORNADA,03 - EDUCACION PRIMARIA,N/A,N/A,NINGUNA,PUEBLA SUR,,,
,FEDERAL,21DPR0630Y,LICENCIADO ADOLFO LOPEZ MATEOS,TLACHICHUCA,SAN JOSE LLANO GRANDE (MAQUINA VIEJA),1. DOCENTE,DOCENTE: MAESTRA O MAESTRO DE GRUPO,JORNADA,03 - EDUCACION PRIMARIA,N/A,N/A,NINGUNA,CIUDAD SERD�N,,,
,FEDERAL,21DPR2659Q,JOSEFA ORTIZ DE DOMINGUEZ,TEPEACA,TEPEACA,1. DOCENTE,DOCENTE: MAESTRA O MAESTRO DE GRUPO,JORNADA,03 - EDUCACION PRIMARIA,N/A,N/A,NINGUNA,TEPEACA,,,
,FEDERAL,21DPR1063B,EL PENSADOR MEXICANO,TLAOLA,XOCHINANACATL�N,1. DOCENTE,DOCENTE: MAESTRA O MAESTRO DE GRUPO,JORNADA,03 - EDUCACION PRIMARIA,N/A,N/A,NINGUNA,HUAUCHINANGO,,,
,FEDERAL,21DPR2919M,GENERAL LAZARO CARDENAS,COATZINGO,COATZINGO,1. DOCENTE,DOCENTE: MAESTRA O MAESTRO DE GRUPO,JORNADA,03 - EDUCACION PRIMARIA,N/A,N/A,NINGUNA,IZ�CAR DE MATAMOROS,,,
,FEDERAL,21DPR2269A,NARCISO MENDOZA,ACATZINGO,ACATZINGO DE HIDALGO,1. DOCENTE,DOCENTE: MAESTRA O MAESTRO DE GRUPO,JORNADA,03 - EDUCACION PRIMARIA,N/A,N/A,NINGUNA,TEPEACA,,,
,FEDERAL,21DPR1791R,LICENCIADO ADOLFO LOPEZ MATEOS,TLACOTEPEC DE BENITO JUAREZ,TEPETLACOLCO,1. DOCENTE,DOCENTE: MAESTRA O MAESTRO DE GRUPO,JORNADA,03 - EDUCACION PRIMARIA,N/A,N/A,NINGUNA,TEPEACA,,,
,FEDERAL,21DPR3401Z,MIGUEL HIDALGO,YEHUALTEPEC,SAN MIGUEL ZOZUTLA,1. DOCENTE,DOCENTE: MAESTRA O MAESTRO DE GRUPO,JORNADA,03 - EDUCACION PRIMARIA,N/A,N/A,NINGUNA,TEPEACA,,,
,FEDERAL,21DPR2383T,LA PAZ DEL MUNDO,ATLIXCO,SANTA CRUZ TEHUIXPANGO,1. DOCENTE,DOCENTE: MAESTRA O MAESTRO DE GRUPO,JORNADA,03 - EDUCACION PRIMARIA,N/A,N/A,NINGUNA,ATLIXCO,SE MODIFICA LOCALIDAD CORRECTA,,
,FEDERAL,21DPR1095U,FRANCISCO SARABIA,HONEY,LA MAGDALENA,1. DOCENTE,DOCENTE: MAESTRA O MAESTRO DE GRUPO,JORNADA,03 - EDUCACION PRIMARIA,N/A,N/A,NINGUNA,HUAUCHINANGO,,,
,FEDERAL,21DPR0725L,REVOLUCION,VICENTE GUERRERO,ALHUACA,1. DOCENTE,DOCENTE: MAESTRA O MAESTRO DE GRUPO,JORNADA,03 - EDUCACION PRIMARIA,N/A,N/A,NINGUNA,TEHUAC�N,,,
,FEDERAL,21DPR1900H,LIBERTAD,PALMAR DE BRAVO,CUACNOPALAN,1. DOCENTE,DOCENTE: MAESTRA O MAESTRO DE GRUPO,JORNADA,03 - EDUCACION PRIMARIA,N/A,N/A,NINGUNA,CIUDAD SERD�N,,,
,FEDERAL,21DPR2253Z,EMILIANO ZAPATA,ATZITZINTLA,SANTA CRUZ CUYACHAPA,1. DOCENTE,DOCENTE: MAESTRA O MAESTRO DE GRUPO,JORNADA,03 - EDUCACION PRIMARIA,N/A,N/A,NINGUNA,CIUDAD SERD�N,,,
,FEDERAL,21DPR1540M,EMILIANO ZAPATA,ATLIXCO,SAN FELIX HIDALGO,1. DOCENTE,DOCENTE: MAESTRA O MAESTRO DE GRUPO,JORNADA,03 - EDUCACION PRIMARIA,N/A,N/A,NINGUNA,ATLIXCO,,,
,FEDERAL,21DPR3675O,RAUL ISIDRO BURGOS,ATZITZIHUACAN,SAN JUAN AMECAC,1. DOCENTE,DOCENTE: MAESTRA O MAESTRO DE GRUPO,JORNADA,03 - EDUCACION PRIMARIA,N/A,N/A,NINGUNA,ATLIXCO,,,
,FEDERAL,21DPR1546G,MACLOVIO HERRERA,ATLIXCO,SAN JUAN TEJALUCA,1. DOCENTE,DOCENTE: MAESTRA O MAESTRO DE GRUPO,JORNADA,03 - EDUCACION PRIMARIA,N/A,N/A,NINGUNA,ATLIXCO,,,
,FEDERAL,21DPR3545V,JOSE VASCONCELOS,SAN SALVADOR HUIXCOLOTLA,SAN SALVADOR HUIXCOLOTLA,1. DOCENTE,DOCENTE: MAESTRA O MAESTRO DE GRUPO,JORNADA,03 - EDUCACION PRIMARIA,N/A,N/A,NINGUNA,TEPEACA,,,
,FEDERAL,21DPR0707W,FRANCISCO I. MADERO,TOCHTEPEC,SAN BARTOLOME TEPETLACALTECHCO,1. DOCENTE,DOCENTE: MAESTRA O MAESTRO DE GRUPO,JORNADA,03 - EDUCACION PRIMARIA,N/A,N/A,NINGUNA,TEPEACA,,,
,FEDERAL,21DPR0404B,REPUBLICA DE CUBA,TECAMACHALCO,SANTA ROSA,1. DOCENTE,DOCENTE: MAESTRA O MAESTRO DE GRUPO,JORNADA,03 - EDUCACION PRIMARIA,N/A,N/A,NINGUNA,TEPEACA,,,
,FEDERAL,21DPR3637L,SATURNINA MARTINEZ RAMIREZ,ACATZINGO,SAN SEBASTIAN VILLANUEVA,1. DOCENTE,DOCENTE: MAESTRA O MAESTRO DE GRUPO,JORNADA,03 - EDUCACION PRIMARIA,N/A,N/A,NINGUNA,TEPEACA,,,
,FEDERAL,21DPR2921A,REPUBLICA DE ARGENTINA,TECAMACHALCO,SAN ANTONIO LA PORTILLA,1. DOCENTE,DOCENTE: MAESTRA O MAESTRO DE GRUPO,JORNADA,03 - EDUCACION PRIMARIA,N/A,N/A,NINGUNA,TEPEACA,,,
,FEDERAL,21DPR1007J,LAZARO CARDENAS,TECAMACHALCO,LA PURISIMA DE HIDALGO,1. DOCENTE,DOCENTE: MAESTRA O MAESTRO DE GRUPO,JORNADA,03 - EDUCACION PRIMARIA,N/A,N/A,NINGUNA,TEPEACA,,,
,FEDERAL,21DPR2738C,IGNACIO ZARAGOZA,ATLIXCO,LOMAS DE AXOCOPAN,1. DOCENTE,DOCENTE: MAESTRA O MAESTRO DE GRUPO,JORNADA,03 - EDUCACION PRIMARIA,N/A,N/A,NINGUNA,ATLIXCO,SE MODIFICA LOCALIDAD CORRECTA,,
,FEDERAL,21DPR0418E,AQUILES SERDAN,ACAJETE,LA MAGDALENA TETELA MORELOS,1. DOCENTE,DOCENTE: MAESTRA O MAESTRO DE GRUPO,JORNADA,03 - EDUCACION PRIMARIA,N/A,N/A,NINGUNA,TEPEACA,,,
,FEDERAL,21DPR3545V,JOSE VASCONCELOS,SAN SALVADOR HUIXCOLOTLA,SAN SALVADOR HUIXCOLOTLA,1. DOCENTE,DOCENTE: MAESTRA O MAESTRO DE GRUPO,JORNADA,03 - EDUCACION PRIMARIA,N/A,N/A,NINGUNA,TEPEACA,,,
,FEDERAL,21DPR0466O,AQUILES SERDAN,TEPEACA,SAN LORENZO JOYA DE RODRIGUEZ,1. DOCENTE,DOCENTE: MAESTRA O MAESTRO DE GRUPO,JORNADA,03 - EDUCACION PRIMARIA,N/A,N/A,NINGUNA,TEPEACA,,,
,FEDERAL,21DPR0466O,AQUILES SERDAN,TEPEACA,SAN LORENZO JOYA DE RODRIGUEZ,1. DOCENTE,DOCENTE: MAESTRA O MAESTRO DE GRUPO,JORNADA,03 - EDUCACION PRIMARIA,N/A,N/A,NINGUNA,TEPEACA,,,
,FEDERAL,21DPR2183V,BRAULIO RODRIGUEZ,CUAUTINCH�N,CONCEPCI�N PARDI�AS,1. DOCENTE,DOCENTE: MAESTRA O MAESTRO DE GRUPO,JORNADA,03 - EDUCACION PRIMARIA,N/A,N/A,NINGUNA,TEPEACA,,,
,FEDERAL,21DPR0604Z,DOLORES VEGA,TLACOTEPEC DE BENITO JUAREZ,TEPETLACOLCO,1. DOCENTE,DOCENTE: MAESTRA O MAESTRO DE GRUPO,JORNADA,03 - EDUCACION PRIMARIA,N/A,N/A,NINGUNA,TEPEACA,,,
,FEDERAL,21DPR1063B,EL PENSADOR MEXICANO,TLAOLA,XOCHINANACATL�N,1. DOCENTE,DOCENTE: MAESTRA O MAESTRO DE GRUPO,JORNADA,03 - EDUCACION PRIMARIA,N/A,N/A,NINGUNA,HUAUCHINANGO,,,
,FEDERAL,21DPR2303R,JUSTO SIERRA,AJALPAN,HUITZMALOC,1. DOCENTE,DOCENTE: MAESTRA O MAESTRO DE GRUPO,JORNADA,03 - EDUCACION PRIMARIA,N/A,N/A,NINGUNA,TEHUAC�N,,,
,FEDERAL,21DPR0725L,REVOLUCION,VICENTE GUERRERO,ALHUACA,1. DOCENTE,DOCENTE: MAESTRA O MAESTRO DE GRUPO,JORNADA,03 - EDUCACION PRIMARIA,N/A,N/A,NINGUNA,TEHUAC�N,,,
,FEDERAL,21DPR0265R,CUAUHTEMOC,QUECHOLAC,SAN JOSE TUZUAPAN,1. DOCENTE,DOCENTE: MAESTRA O MAESTRO DE GRUPO,JORNADA,03 - EDUCACION PRIMARIA,N/A,N/A,NINGUNA,TEPEACA,,,
,FEDERAL,21DPR3725F,HERMANOS SERDAN,PUEBLA,GUADALUPE TLATELPA,1. DOCENTE,DOCENTE: MAESTRA O MAESTRO DE GRUPO,JORNADA,03 - EDUCACION PRIMARIA,N/A,N/A,NINGUNA,PUEBLA SUR,,,
,FEDERAL,21DPR0973T,AQUILES SERDAN,YEHUALTEPEC,YEHUALTEPEC,1. DOCENTE,DOCENTE: MAESTRA O MAESTRO DE GRUPO,JORNADA,03 - EDUCACION PRIMARIA,N/A,N/A,NINGUNA,TEPEACA,,,
,FEDERAL,21DPR1110W,CUAUHTEMOC,ACATZINGO,CARMEN SERDAN,1. DOCENTE,DOCENTE: MAESTRA O MAESTRO DE GRUPO,JORNADA,03 - EDUCACION PRIMARIA,N/A,N/A,NINGUNA,TEPEACA,,,
,FEDERAL,21DPR2661E,RENACIMIENTO,ZOQUITLAN,ZOQUITLAN,1. DOCENTE,DOCENTE: MAESTRA O MAESTRO DE GRUPO,JORNADA,03 - EDUCACION PRIMARIA,N/A,N/A,NINGUNA,TEHUAC�N,,,
,FEDERAL,21DPR0277W,BENITO JUAREZ,LOS REYES DE JUAREZ,SANTIAGO ACOZAC,1. DOCENTE,DOCENTE: MAESTRA O MAESTRO DE GRUPO,JORNADA,03 - EDUCACION PRIMARIA,N/A,N/A,NINGUNA,TEPEACA,,,
,FEDERAL,21DPR1110W,CUAUHTEMOC,ACATZINGO,CARMEN SERDAN,1. DOCENTE,DOCENTE: MAESTRA O MAESTRO DE GRUPO,JORNADA,03 - EDUCACION PRIMARIA,N/A,N/A,NINGUNA,TEPEACA,,,
,FEDERAL,21DPR0781D,BENITO JUAREZ,YEHUALTEPEC,SAN GABRIEL TETZOYOCAN,1. DOCENTE,DOCENTE: MAESTRA O MAESTRO DE GRUPO,JORNADA,03 - EDUCACION PRIMARIA,N/A,N/A,NINGUNA,TEPEACA,,,
,FEDERAL,21DPR2374L,EMILIANO ZAPATA,ATZITZIHUACAN,SAN MATEO COATEPEC,1. DOCENTE,DOCENTE: MAESTRA O MAESTRO DE GRUPO,JORNADA,03 - EDUCACION PRIMARIA,N/A,N/A,NINGUNA,ATLIXCO,,,
,FEDERAL,21DPR1659J,MELCHOR OCAMPO,TLAOLA,TLAOLA,1. DOCENTE,DOCENTE: MAESTRA O MAESTRO DE GRUPO,JORNADA,03 - EDUCACION PRIMARIA,N/A,N/A,NINGUNA,HUAUCHINANGO,,,
,FEDERAL,21DPR2747K,BENITO JUAREZ,CUAPIAXTLA DE MADERO,MIGUEL NEGRETE,1. DOCENTE,DOCENTE: MAESTRA O MAESTRO DE GRUPO,JORNADA,03 - EDUCACION PRIMARIA,N/A,N/A,NINGUNA,TEPEACA,,,
,FEDERAL,21DPR3475Q,BENEMERITO DE LAS AMERICAS,TEPEACA,TEPEACA,1. DOCENTE,DOCENTE: MAESTRA O MAESTRO DE GRUPO,JORNADA,03 - EDUCACION PRIMARIA,N/A,N/A,NINGUNA,TEPEACA,,,
,FEDERAL,21DPR3563K,ANDRES QUINTANA ROO,GENERAL FELIPE �NGELES,SANTA �RSULA CHICONQUIAC,1. DOCENTE,DOCENTE: MAESTRA O MAESTRO DE GRUPO,JORNADA,03 - EDUCACION PRIMARIA,N/A,N/A,NINGUNA,TEPEACA,,,
,FEDERAL,21DPR0406Z,AMADO NERVO,TECAMACHALCO,LA SOLEDAD,1. DOCENTE,DOCENTE: MAESTRA O MAESTRO DE GRUPO,JORNADA,03 - EDUCACION PRIMARIA,N/A,N/A,NINGUNA,TEPEACA,,,
,FEDERAL,21DPR1019O,BENITO JUAREZ,ATZITZIHUACAN,SAN JUAN AMECAC,1. DOCENTE,DOCENTE: MAESTRA O MAESTRO DE GRUPO,JORNADA,03 - EDUCACION PRIMARIA,N/A,N/A,NINGUNA,ATLIXCO,,,
,FEDERAL,21DPR0225Q,PROFESOR CARLOS PASTRANA JIMENEZ,TECALI DE HERRERA,AHUATEPEC,1. DOCENTE,DOCENTE: MAESTRA O MAESTRO DE GRUPO,JORNADA,03 - EDUCACION PRIMARIA,N/A,N/A,NINGUNA,TEPEACA,,,
,FEDERAL,21DPR0775T,NARCISO MENDOZA,XOCHITL�N TODOS SANTOS,XOCHITL�N,1. DOCENTE,DOCENTE: MAESTRA O MAESTRO DE GRUPO,JORNADA,03 - EDUCACION PRIMARIA,N/A,N/A,NINGUNA,TEPEACA,,,
,FEDERAL,21DPR0405A,EMILIO PORTES GIL,TECAMACHALCO,SANTIAGO ALSESECA,1. DOCENTE,DOCENTE: MAESTRA O MAESTRO DE GRUPO,JORNADA,03 - EDUCACION PRIMARIA,N/A,N/A,NINGUNA,TEPEACA,,,
,FEDERAL,21DPR2514V,LICENCIADO JOSE VASCONCELOS,IXCAMILPA DE GUERRERO,TOLTECAMILA,1. DOCENTE,DOCENTE: MAESTRA O MAESTRO DE GRUPO,JORNADA,03 - EDUCACION PRIMARIA,N/A,N/A,NINGUNA,IZ�CAR DE MATAMOROS,,,
,FEDERAL,21DPR2310A,VICENTE GUERRERO,ACATZINGO,ACATZINGO DE HIDALGO,1. DOCENTE,DOCENTE: MAESTRA O MAESTRO DE GRUPO,JORNADA,03 - EDUCACION PRIMARIA,N/A,N/A,NINGUNA,TEPEACA,,,
,FEDERAL,21DPR3609P,OCTAVIO PAZ,ACATLAN,AMATE REDONDO,1. DOCENTE,DOCENTE: MAESTRA O MAESTRO DE GRUPO,JORNADA,03 - EDUCACION PRIMARIA,N/A,N/A,NINGUNA,ACATL�N,,,
,FEDERAL,21DPR1794O,FRANCISCO I. MADERO,SAN SEBASTIAN TLACOTEPEC,TLACOTEPEC DE PORFIRIO DIAZ,1. DOCENTE,DOCENTE: MAESTRA O MAESTRO DE GRUPO,JORNADA,03 - EDUCACION PRIMARIA,N/A,N/A,NINGUNA,TEHUAC�N,,,
,FEDERAL,21DPR2903L,PLAN DE AYALA,TOCHIMILCO,SAN FRANCISCO HUILANGO,1. DOCENTE,DOCENTE: MAESTRA O MAESTRO DE GRUPO,JORNADA,03 - EDUCACION PRIMARIA,N/A,N/A,NINGUNA,ATLIXCO,,,
,FEDERAL,21DPR3631R,RAFAEL RAMIREZ,ACAJETE,LA MAGDALENA TETELA MORELOS,1. DOCENTE,DOCENTE: MAESTRA O MAESTRO DE GRUPO,JORNADA,03 - EDUCACION PRIMARIA,N/A,N/A,NINGUNA,TEPEACA,,,
,FEDERAL,21DPR0781D,BENITO JUAREZ,YEHUALTEPEC,SAN GABRIEL TETZOYOCAN,1. DOCENTE,DOCENTE: MAESTRA O MAESTRO DE GRUPO,JORNADA,03 - EDUCACION PRIMARIA,N/A,N/A,NINGUNA,TEPEACA,,,
,FEDERAL,21DPR2921A,REPUBLICA DE ARGENTINA,TECAMACHALCO,SAN ANTONIO LA PORTILLA,1. DOCENTE,DOCENTE: MAESTRA O MAESTRO DE GRUPO,JORNADA,03 - EDUCACION PRIMARIA,N/A,N/A,NINGUNA,TEPEACA,,,
,FEDERAL,21DPR0780E,AMERICA,YEHUALTEPEC,RANCHO CHICO,1. DOCENTE,DOCENTE: MAESTRA O MAESTRO DE GRUPO,JORNADA,03 - EDUCACION PRIMARIA,N/A,N/A,NINGUNA,TEPEACA,,,
,FEDERAL,21DPR0634U,AQUILES SERDAN,TLACHICHUCA,SANTA MARIA EL ASERRADERO (PEONES ACASILLADOS),1. DOCENTE,DOCENTE: MAESTRA O MAESTRO DE GRUPO,JORNADA,03 - EDUCACION PRIMARIA,N/A,N/A,NINGUNA,CIUDAD SERD�N,,,
,FEDERAL,21DPR2952U,PLAN DE GUADALUPE,ACATZINGO,ACATZINGO DE HIDALGO,1. DOCENTE,DOCENTE: MAESTRA O MAESTRO DE GRUPO,JORNADA,03 - EDUCACION PRIMARIA,N/A,N/A,NINGUNA,TEPEACA,,,
,FEDERAL,21DPR0973T,AQUILES SERDAN,YEHUALTEPEC,YEHUALTEPEC,1. DOCENTE,DOCENTE: MAESTRA O MAESTRO DE GRUPO,JORNADA,03 - EDUCACION PRIMARIA,N/A,N/A,NINGUNA,TEPEACA,,,
,FEDERAL,21DPR0973T,AQUILES SERDAN,YEHUALTEPEC,YEHUALTEPEC,1. DOCENTE,DOCENTE: MAESTRA O MAESTRO DE GRUPO,JORNADA,03 - EDUCACION PRIMARIA,N/A,N/A,NINGUNA,TEPEACA,,,
,FEDERAL,21DPR0385D,PLAN DE AYALA,TECALI DE HERRERA,LA MAGDALENA CUAXIXTLA,1. DOCENTE,DOCENTE: MAESTRA O MAESTRO DE GRUPO,JORNADA,03 - EDUCACION PRIMARIA,N/A,N/A,NINGUNA,TEPEACA,SE MODIFICA LOCALIDAD CORRECTA,,
,FEDERAL,21DPR0882B,IGNACIO ALLENDE,TEPEACA,SAN PABLO ACTIPAN,1. DOCENTE,DOCENTE: MAESTRA O MAESTRO DE GRUPO,JORNADA,03 - EDUCACION PRIMARIA,N/A,N/A,NINGUNA,TEPEACA,,,
,FEDERAL,21DPR2310A,VICENTE GUERRERO,ACATZINGO,ACATZINGO DE HIDALGO,1. DOCENTE,DOCENTE: MAESTRA O MAESTRO DE GRUPO,JORNADA,03 - EDUCACION PRIMARIA,N/A,N/A,NINGUNA,TEPEACA,,,
,FEDERAL,21DPR0072C,MARIA ESPERANZA CHAVARRIA,PUEBLA,SAN ANDRES AZUMIATLA,1. DOCENTE,DOCENTE: MAESTRA O MAESTRO DE GRUPO,JORNADA,03 - EDUCACION PRIMARIA,N/A,N/A,NINGUNA,PUEBLA SUR,,,
,FEDERAL,21DPR2771K,EMILIANO ZAPATA,ACATZINGO,HERN�NDEZ,1. DOCENTE,DOCENTE: MAESTRA O MAESTRO DE GRUPO,JORNADA,03 - EDUCACION PRIMARIA,N/A,N/A,NINGUNA,TEPEACA,,,
,FEDERAL,21DPR2375K,FORTINO AYAQUICA,ATZITZIHUAC�N,SAN JUAN TEJUPA,1. DOCENTE,DOCENTE: MAESTRA O MAESTRO DE GRUPO,JORNADA,03 - EDUCACION PRIMARIA,N/A,N/A,NINGUNA,ATLIXCO,,,
,FEDERAL,21DPR0473Y,IGNACIO ZARAGOZA,TEPEACA,SAN CRISTOBAL HIDALGO,1. DOCENTE,DOCENTE: MAESTRA O MAESTRO DE GRUPO,JORNADA,03 - EDUCACION PRIMARIA,N/A,N/A,NINGUNA,TEPEACA,,,
,FEDERAL,21DPR2423D,IGNACIO COMONFORT,HUEYTLALPAN,ZITLALA,1. DOCENTE,DOCENTE: MAESTRA O MAESTRO DE GRUPO,JORNADA,03 - EDUCACION PRIMARIA,N/A,N/A,NINGUNA,ZACAPOAXTLA,,,
,FEDERAL,21DPR3023O,MIGUEL HIDALGO,LOS REYES DE JU�REZ,LOS REYES DE JU�REZ,1. DOCENTE,DOCENTE: MAESTRA O MAESTRO DE GRUPO,JORNADA,03 - EDUCACION PRIMARIA,N/A,N/A,NINGUNA,TEPEACA,,,
,FEDERAL,21DPR3568F,AQUILES SERDAN,SAN SEBASTI�N TLACOTEPEC,YOVALASTOC,1. DOCENTE,DOCENTE: MAESTRA O MAESTRO DE GRUPO,JORNADA,03 - EDUCACION PRIMARIA,N/A,N/A,NINGUNA,TEHUAC�N,,,
,FEDERAL,21DPR0277W,BENITO JUAREZ,LOS REYES DE JUAREZ,SANTIAGO ACOZAC,1. DOCENTE,DOCENTE: MAESTRA O MAESTRO DE GRUPO,JORNADA,03 - EDUCACION PRIMARIA,N/A,N/A,NINGUNA,TEPEACA,,,
,FEDERAL,21DPR0482F,MIGUEL HIDALGO,TEPEACA,SANTIAGO ACATLAN,1. DOCENTE,DOCENTE: MAESTRA O MAESTRO DE GRUPO,JORNADA,03 - EDUCACION PRIMARIA,N/A,N/A,NINGUNA,TEPEACA,,,
,FEDERAL,21DPR0383F,MIGUEL HIDALGO,TECALI DE HERRERA,AHUATEPEC,1. DOCENTE,DOCENTE: MAESTRA O MAESTRO DE GRUPO,JORNADA,03 - EDUCACION PRIMARIA,N/A,N/A,NINGUNA,TEPEACA,,,
,FEDERAL,21DPR1555O,IGNACIO ALLENDE,CUAUTINCHAN,SAN JERONIMO ALMOLOYA,1. DOCENTE,DOCENTE: MAESTRA O MAESTRO DE GRUPO,JORNADA,03 - EDUCACION PRIMARIA,N/A,N/A,NINGUNA,TEPEACA,,,
,FEDERAL,21DPR1659J,MELCHOR OCAMPO,TLAOLA,TLAOLA,1. DOCENTE,DOCENTE: MAESTRA O MAESTRO DE GRUPO,JORNADA,03 - EDUCACION PRIMARIA,N/A,N/A,NINGUNA,HUAUCHINANGO,,,
,FEDERAL,21DPR0261V,JOSE MARIA MORELOS,QUECHOLAC,FRANCISCO I. MADERO,1. DOCENTE,DOCENTE: MAESTRA O MAESTRO DE GRUPO,JORNADA,03 - EDUCACION PRIMARIA,N/A,N/A,NINGUNA,TEPEACA,,,
,FEDERAL,21DPR0443D,HEROES DEL SESENTA Y DOS,TEHUITZINGO,SAN FRANCISCO DE ASIS,1. DOCENTE,DOCENTE: MAESTRA O MAESTRO DE GRUPO,JORNADA,03 - EDUCACION PRIMARIA,N/A,N/A,NINGUNA,ACATL�N,,,
,FEDERAL,21DPR3725F,HERMANOS SERDAN,PUEBLA,GUADALUPE TLATELPA,1. DOCENTE,DOCENTE: MAESTRA O MAESTRO DE GRUPO,JORNADA,03 - EDUCACION PRIMARIA,N/A,N/A,NINGUNA,PUEBLA SUR,,,
,FEDERAL,21DPR1814L,IGNACIO MANUEL ALTAMIRANO,ATLIXCO,SAN ESTEBAN ZOAPILTEPEC,1. DOCENTE,DOCENTE: MAESTRA O MAESTRO DE GRUPO,JORNADA,03 - EDUCACION PRIMARIA,N/A,N/A,NINGUNA,ATLIXCO,,,
,FEDERAL,21DPR1092X,ESTADOS UNIDOS MEXICANOS,PALMAR DE BRAVO,BELLAVISTA DE VICTORIA (SAN JOS� BELLAVISTA),1. DOCENTE,DOCENTE: MAESTRA O MAESTRO DE GRUPO,JORNADA,03 - EDUCACION PRIMARIA,N/A,N/A,NINGUNA,CIUDAD SERD�N,,,
,FEDERAL,21DPR0193O,VICENTE GUERRERO,SAN SEBASTI�N TLACOTEPEC,PLAYA NUEVA,1. DOCENTE,DOCENTE: MAESTRA O MAESTRO DE GRUPO,JORNADA,03 - EDUCACION PRIMARIA,N/A,N/A,NINGUNA,TEHUAC�N,,,
,FEDERAL,21DPR0783B,ALVARO OBREGON,YEHUALTEPEC,SAN MATEO TLACOMULCO,1. DOCENTE,DOCENTE: MAESTRA O MAESTRO DE GRUPO,JORNADA,03 - EDUCACION PRIMARIA,N/A,N/A,NINGUNA,TEPEACA,,,
,FEDERAL,21DPR0277W,BENITO JUAREZ,LOS REYES DE JUAREZ,SANTIAGO ACOZAC,1. DOCENTE,DOCENTE: MAESTRA O MAESTRO DE GRUPO,JORNADA,03 - EDUCACION PRIMARIA,N/A,N/A,NINGUNA,TEPEACA,,,
,FEDERAL,21DPR0781D,BENITO JUAREZ,YEHUALTEPEC,SAN GABRIEL TETZOYOCAN,1. DOCENTE,DOCENTE: MAESTRA O MAESTRO DE GRUPO,JORNADA,03 - EDUCACION PRIMARIA,N/A,N/A,NINGUNA,TEPEACA,,,
,FEDERAL,21DPR1110W,CUAUHTEMOC,ACATZINGO,CARMEN SERD�N,1. DOCENTE,DOCENTE: MAESTRA O MAESTRO DE GRUPO,JORNADA,03 - EDUCACION PRIMARIA,N/A,N/A,NINGUNA,TEPEACA,CAMBIO DE CENTRO DE TRABAJO POR NECESIDADES DEL SERVICIO,,
,FEDERAL,21DPR2337H,JOSE MARIA MORELOS,COYOMEAPAN,SAN JUAN CUAUTLA,1. DOCENTE,DOCENTE: MAESTRA O MAESTRO DE GRUPO,JORNADA,03 - EDUCACION PRIMARIA,N/A,N/A,NINGUNA,TEHUAC�N,,,
,FEDERAL,21DPR0780E,AMERICA,YEHUALTEPEC,RANCHO CHICO,1. DOCENTE,DOCENTE: MAESTRA O MAESTRO DE GRUPO,JORNADA,03 - EDUCACION PRIMARIA,N/A,N/A,NINGUNA,TEPEACA,,,
,FEDERAL,21DPR1092X,ESTADOS UNIDOS MEXICANOS,PALMAR DE BRAVO,BELLAVISTA DE VICTORIA (SAN JOS� BELLAVISTA),1. DOCENTE,DOCENTE: MAESTRA O MAESTRO DE GRUPO,JORNADA,03 - EDUCACION PRIMARIA,N/A,N/A,NINGUNA,CIUDAD SERD�N,,,
,FEDERAL,21DPR2378H,BENITO JUAREZ,ATZITZIHUAC�N,SAN JUAN AMECAC,1. DOCENTE,DOCENTE: MAESTRA O MAESTRO DE GRUPO,JORNADA,03 - EDUCACION PRIMARIA,N/A,N/A,NINGUNA,ATLIXCO,,,
,FEDERAL,21DPR1110W,CUAUHTEMOC,ACATZINGO,CARMEN SERDAN,1. DOCENTE,DOCENTE: MAESTRA O MAESTRO DE GRUPO,JORNADA,03 - EDUCACION PRIMARIA,N/A,N/A,NINGUNA,TEPEACA,,,
,FEDERAL,21DPR0780E,AMERICA,YEHUALTEPEC,RANCHO CHICO,1. DOCENTE,DOCENTE: MAESTRA O MAESTRO DE GRUPO,JORNADA,03 - EDUCACION PRIMARIA,N/A,N/A,NINGUNA,TEPEACA,,,
,FEDERAL,21DPR3694C,FRANCISCO VILLA,PUEBLA,HEROICA PUEBLA DE ZARAGOZA,1. DOCENTE,DOCENTE: MAESTRA O MAESTRO DE GRUPO,JORNADA,03 - EDUCACION PRIMARIA,N/A,N/A,NINGUNA,PUEBLA PONIENTE,,,
,FEDERAL,21DPR0781D,BENITO JUAREZ,YEHUALTEPEC,SAN GABRIEL TETZOYOCAN,1. DOCENTE,DOCENTE: MAESTRA O MAESTRO DE GRUPO,JORNADA,03 - EDUCACION PRIMARIA,N/A,N/A,NINGUNA,TEPEACA,,,
,FEDERAL,21DPR0258H,VIEZCA Y RAMIREZ,PUEBLA,SAN MIGUEL ESPEJO,1. DOCENTE,DOCENTE: MAESTRA O MAESTRO DE GRUPO,JORNADA,03 - EDUCACION PRIMARIA,N/A,N/A,NINGUNA,PUEBLA ORIENTE,CAMBIO DE CENTRO DE TRABAJO POR NECESIDADES DEL SERVICIO,,
,FEDERAL,21DPR1251V,EMILIANO ZAPATA,TEPATLAXCO DE HIDALGO,TEPATLAXCO DE HIDALGO,1. DOCENTE,DOCENTE: MAESTRA O MAESTRO DE GRUPO,JORNADA,03 - EDUCACION PRIMARIA,N/A,N/A,NINGUNA,TEPEACA,,,
,FEDERAL,21DPR3554C,20 DE NOVIEMBRE,PALMAR DE BRAVO,SAN MIGUEL XALTEPEC,1. DOCENTE,DOCENTE: MAESTRA O MAESTRO DE GRUPO,JORNADA,03 - EDUCACION PRIMARIA,N/A,N/A,NINGUNA,CIUDAD SERD�N,,,
,FEDERAL,21DPR1891Q,CADETE JUAN ESCUTIA,TEPEACA,TEPEACA,1. DOCENTE,DOCENTE: MAESTRA O MAESTRO DE GRUPO,JORNADA,03 - EDUCACION PRIMARIA,N/A,N/A,NINGUNA,TEPEACA,,,
,FEDERAL,21DPR0473Y,IGNACIO ZARAGOZA,TEPEACA,SAN CRISTOBAL HIDALGO,1. DOCENTE,DOCENTE: MAESTRA O MAESTRO DE GRUPO,JORNADA,03 - EDUCACION PRIMARIA,N/A,N/A,NINGUNA,TEPEACA,,,
,FEDERAL,21DPR3554C,20 DE NOVIEMBRE,PALMAR DE BRAVO,SAN MIGUEL XALTEPEC,1. DOCENTE,DOCENTE: MAESTRA O MAESTRO DE GRUPO,JORNADA,03 - EDUCACION PRIMARIA,N/A,N/A,NINGUNA,CIUDAD SERD�N,,,
,FEDERAL,21DPR0491N,HERMANOS SERDAN,TEPETZINTLA,TLAMANCA DE HERNANDEZ,1. DOCENTE,DOCENTE: MAESTRA O MAESTRO DE GRUPO,JORNADA,03 - EDUCACION PRIMARIA,N/A,N/A,NINGUNA,ZACATL�N,,,
,FEDERAL,21DPR2376J,PROFESOR  JUAN RAMIREZ RAMOS,ATZITZIHUAC�N,SAN FRANCISCO XOCHITEOPAN,1. DOCENTE,DOCENTE: MAESTRA O MAESTRO DE GRUPO,JORNADA,03 - EDUCACION PRIMARIA,N/A,N/A,NINGUNA,ATLIXCO,,,
,FEDERAL,21DPR2757R,PRAXEDIS G. GUERRERO,TLACOTEPEC DE BENITO JUAREZ,SAN LUCAS EL VIEJO,1. DOCENTE,DOCENTE: MAESTRA O MAESTRO DE GRUPO,JORNADA,03 - EDUCACION PRIMARIA,N/A,N/A,NINGUNA,TEPEACA,,,
,FEDERAL,21DPR0714F,GENERAL IGNACIO ZARAGOZA,TULCINGO,XIXINGO DE LOS REYES,1. DOCENTE,DOCENTE: MAESTRA O MAESTRO DE GRUPO,JORNADA,03 - EDUCACION PRIMARIA,N/A,N/A,NINGUNA,ACATL�N,,,
,FEDERAL,21DPR0483E,VICENTE GUERRERO,TEPEACA,TLAYOATLA JOYA DE RODRIGUEZ,1. DOCENTE,DOCENTE: MAESTRA O MAESTRO DE GRUPO,JORNADA,03 - EDUCACION PRIMARIA,N/A,N/A,NINGUNA,TEPEACA,,,
,FEDERAL,21DPR1110W,CUAUHTEMOC,ACATZINGO,CARMEN SERDAN,1. DOCENTE,DOCENTE: MAESTRA O MAESTRO DE GRUPO,JORNADA,03 - EDUCACION PRIMARIA,N/A,N/A,NINGUNA,TEPEACA,,,
,FEDERAL,21DPR3637L,SATURNINA MARTINEZ RAMIREZ,ACATZINGO,SAN SEBASTIAN VILLANUEVA,1. DOCENTE,DOCENTE: MAESTRA O MAESTRO DE GRUPO,JORNADA,03 - EDUCACION PRIMARIA,N/A,N/A,NINGUNA,TEPEACA,,,
,FEDERAL,21DPR0780E,AMERICA,YEHUALTEPEC,RANCHO CHICO,1. DOCENTE,DOCENTE: MAESTRA O MAESTRO DE GRUPO,JORNADA,03 - EDUCACION PRIMARIA,N/A,N/A,NINGUNA,TEPEACA,,,
,FEDERAL,21DPR0780E,AMERICA,YEHUALTEPEC,RANCHO CHICO,1. DOCENTE,DOCENTE: MAESTRA O MAESTRO DE GRUPO,JORNADA,03 - EDUCACION PRIMARIA,N/A,N/A,NINGUNA,TEPEACA,,,
,FEDERAL,21DPR2118V,DOCTOR BELISARIO DOMINGUEZ,HUAQUECHULA,HUAQUECHULA,1. DOCENTE,DOCENTE: MAESTRA O MAESTRO DE GRUPO,JORNADA,03 - EDUCACION PRIMARIA,N/A,N/A,NINGUNA,ATLIXCO,,,
,FEDERAL,21DPR0272A,MELCHOR OCAMPO,LOS REYES DE JUAREZ,LOS REYES DE JUAREZ,1. DOCENTE,DOCENTE: MAESTRA O MAESTRO DE GRUPO,JORNADA,03 - EDUCACION PRIMARIA,N/A,N/A,NINGUNA,TEPEACA,,,
,FEDERAL,21DPR0599E,GUADALUPE VICTORIA,TLACOTEPEC DE BENITO JUAREZ,GUADALUPE VICTORIA,1. DOCENTE,DOCENTE: MAESTRA O MAESTRO DE GRUPO,JORNADA,03 - EDUCACION PRIMARIA,N/A,N/A,NINGUNA,TEPEACA,,,
,FEDERAL,21DPR0479S,BENITO JUAREZ,TEPEACA,SAN NICOLAS ZOYAPETLAYOCA,1. DOCENTE,DOCENTE: MAESTRA O MAESTRO DE GRUPO,JORNADA,03 - EDUCACION PRIMARIA,N/A,N/A,NINGUNA,TEPEACA,,,
,FEDERAL,21DPR0973T,AQUILES SERDAN,YEHUALTEPEC,YEHUALTEPEC,1. DOCENTE,DOCENTE: MAESTRA O MAESTRO DE GRUPO,JORNADA,03 - EDUCACION PRIMARIA,N/A,N/A,NINGUNA,TEPEACA,,,
,FEDERAL,21DPR0266Q,JOSE MARIA MORELOS,QUECHOLAC,SANTA CATARINA VILLANUEVA,1. DOCENTE,DOCENTE: MAESTRA O MAESTRO DE GRUPO,JORNADA,03 - EDUCACION PRIMARIA,N/A,N/A,NINGUNA,TEPEACA,,,
,FEDERAL,21DPR1115R,MIGUEL HIDALGO,PALMAR DE BRAVO,SAN ISIDRO MONTERROSAS,1. DOCENTE,DOCENTE: MAESTRA O MAESTRO DE GRUPO,JORNADA,03 - EDUCACION PRIMARIA,N/A,N/A,NINGUNA,CIUDAD SERD�N,,,
,FEDERAL,21DPR1061D,IGNACIO ZARAGOZA,TLAOLA,CHICAHUAXTLA,1. DOCENTE,DOCENTE: MAESTRA O MAESTRO DE GRUPO,JORNADA,03 - EDUCACION PRIMARIA,N/A,N/A,NINGUNA,HUAUCHINANGO,,,
,FEDERAL,21DPR0973T,AQUILES SERDAN,YEHUALTEPEC,YEHUALTEPEC,1. DOCENTE,DOCENTE: MAESTRA O MAESTRO DE GRUPO,JORNADA,03 - EDUCACION PRIMARIA,N/A,N/A,NINGUNA,TEPEACA,,,
,FEDERAL,21DPR1953M,MIGUEL HIDALGO,QUECHOLAC,GUADALUPE ENRIQUEZ,1. DOCENTE,DOCENTE: MAESTRA O MAESTRO DE GRUPO,JORNADA,03 - EDUCACION PRIMARIA,N/A,N/A,NINGUNA,TEPEACA,,,
,FEDERAL,21DPR0443D,HEROES DEL SESENTA Y DOS,TEHUITZINGO,SAN FRANCISCO DE ASIS,1. DOCENTE,DOCENTE: MAESTRA O MAESTRO DE GRUPO,JORNADA,03 - EDUCACION PRIMARIA,N/A,N/A,NINGUNA,ACATL�N,,,
,FEDERAL,21DPR0437T,CUAUHTEMOC,TEHUITZINGO,TEHUITZINGO,1. DOCENTE,DOCENTE: MAESTRA O MAESTRO DE GRUPO,JORNADA,03 - EDUCACION PRIMARIA,N/A,N/A,NINGUNA,ACATL�N,,,
,FEDERAL,21DPR0781D,BENITO JUAREZ,YEHUALTEPEC,SAN GABRIEL TETZOYOCAN,1. DOCENTE,DOCENTE: MAESTRA O MAESTRO DE GRUPO,JORNADA,03 - EDUCACION PRIMARIA,N/A,N/A,NINGUNA,TEPEACA,,,
,FEDERAL,21DPR1953M,MIGUEL HIDALGO,QUECHOLAC,GUADALUPE ENRIQUEZ,1. DOCENTE,DOCENTE: MAESTRA O MAESTRO DE GRUPO,JORNADA,03 - EDUCACION PRIMARIA,N/A,N/A,NINGUNA,TEPEACA,,,
,FEDERAL,21DPR1569R,HERMENEGILDO GALEANA,PUEBLA,SAN ANDRES AZUMIATLA,1. DOCENTE,DOCENTE: MAESTRA O MAESTRO DE GRUPO,JORNADA,03 - EDUCACION PRIMARIA,N/A,N/A,NINGUNA,PUEBLA SUR,,,
,FEDERAL,21DPR3033V,IGNACIO ZARAGOZA,TEPEMAXALCO,SAN FELIPE TEPEMAXALCO,1. DOCENTE,DOCENTE: MAESTRA O MAESTRO DE GRUPO,JORNADA,03 - EDUCACION PRIMARIA,N/A,N/A,NINGUNA,IZ�CAR DE MATAMOROS,,,
,FEDERAL,21DPR1256Q,JOSE MARIA MORELOS Y PAVON,TEHUITZINGO,TEHUITZINGO,1. DOCENTE,DOCENTE: MAESTRA O MAESTRO DE GRUPO,JORNADA,03 - EDUCACION PRIMARIA,N/A,N/A,NINGUNA,ACATL�N,,,
,FEDERAL,21DPR3401Z,MIGUEL HIDALGO,YEHUALTEPEC,SAN MIGUEL ZOZUTLA,1. DOCENTE,DOCENTE: MAESTRA O MAESTRO DE GRUPO,JORNADA,03 - EDUCACION PRIMARIA,N/A,N/A,NINGUNA,TEPEACA,,,
,FEDERAL,21DPR2303R,JUSTO SIERRA,AJALPAN,HUITZMALOC,1. DOCENTE,DOCENTE: MAESTRA O MAESTRO DE GRUPO,JORNADA,03 - EDUCACION PRIMARIA,N/A,N/A,NINGUNA,TEHUAC�N,,,
,FEDERAL,21DPR3637L,SATURNINA MARTINEZ RAMIREZ,ACATZINGO,SAN SEBASTI�N VILLANUEVA,1. DOCENTE,DOCENTE: MAESTRA O MAESTRO DE GRUPO,JORNADA,03 - EDUCACION PRIMARIA,N/A,N/A,NINGUNA,TEPEACA,,,
,FEDERAL,21DPR0277W,BENITO JUAREZ,LOS REYES DE JUAREZ,SANTIAGO ACOZAC,1. DOCENTE,DOCENTE: MAESTRA O MAESTRO DE GRUPO,JORNADA,03 - EDUCACION PRIMARIA,N/A,N/A,NINGUNA,TEPEACA,,,
,FEDERAL,21DPR2028C,JOSE MARIA MORELOS,CHICONCUAUTLA,TLALHUAPAN,1. DOCENTE,DOCENTE: MAESTRA O MAESTRO DE GRUPO,JORNADA,03 - EDUCACION PRIMARIA,N/A,N/A,NINGUNA,HUAUCHINANGO,,,
,FEDERAL,21DPR0780E,AMERICA,YEHUALTEPEC,RANCHO CHICO,1. DOCENTE,DOCENTE: MAESTRA O MAESTRO DE GRUPO,JORNADA,03 - EDUCACION PRIMARIA,N/A,N/A,NINGUNA,TEPEACA,,,
,FEDERAL,21DPR2965Y,EMILIANO ZAPATA,PALMAR DE BRAVO,JESUS NAZARENO,1. DOCENTE,DOCENTE: MAESTRA O MAESTRO DE GRUPO,JORNADA,03 - EDUCACION PRIMARIA,N/A,N/A,NINGUNA,CIUDAD SERD�N,,,
,FEDERAL,21DPR1019O,BENITO JUAREZ,ATZITZIHUACAN,SAN JUAN AMECAC,1. DOCENTE,DOCENTE: MAESTRA O MAESTRO DE GRUPO,JORNADA,03 - EDUCACION PRIMARIA,N/A,N/A,NINGUNA,ATLIXCO,,,
,FEDERAL,21DPR0973T,AQUILES SERDAN,YEHUALTEPEC,YEHUALTEPEC,1. DOCENTE,DOCENTE: MAESTRA O MAESTRO DE GRUPO,JORNADA,03 - EDUCACION PRIMARIA,N/A,N/A,NINGUNA,TEPEACA,,,
,FEDERAL,21DPR2631K,CALMECAC,XOCHITLAN TODOS SANTOS,XOCHITLAN,1. DOCENTE,DOCENTE: MAESTRA O MAESTRO DE GRUPO,JORNADA,03 - EDUCACION PRIMARIA,N/A,N/A,NINGUNA,TEPEACA,,,
,FEDERAL,21DPR2331N,BENITO JUAREZ,AJALPAN,CUAUTOTOLAPAN (SAN JOSE),1. DOCENTE,DOCENTE: MAESTRA O MAESTRO DE GRUPO,JORNADA,03 - EDUCACION PRIMARIA,N/A,N/A,NINGUNA,TEHUAC�N,,,
,FEDERAL,21DPR0359F,NI�OS H�ROES DE CHAPULTEPEC,CUAPIAXTLA DE MADERO,CUAPIAXTLA DE MADERO,1. DOCENTE,DOCENTE: MAESTRA O MAESTRO DE GRUPO,JORNADA,03 - EDUCACION PRIMARIA,N/A,N/A,NINGUNA,TEPEACA,CAMBIO DE CENTRO DE TRABAJO POR NECESIDADES DEL SERVICIO,,
,FEDERAL,21DPR3416A,JUAN CRISOSTOMO BONILLA,ACAJETE,SANTA MARIA NENETZINTLA,1. DOCENTE,DOCENTE: MAESTRA O MAESTRO DE GRUPO,JORNADA,03 - EDUCACION PRIMARIA,N/A,N/A,NINGUNA,TEPEACA,,,
,FEDERAL,21DPR0263T,JOSE MARIA MORELOS,QUECHOLAC,SAN BARTOLOME COSCOMAYA,1. DOCENTE,DOCENTE: MAESTRA O MAESTRO DE GRUPO,JORNADA,03 - EDUCACION PRIMARIA,N/A,N/A,NINGUNA,TEPEACA,,,
,FEDERAL,21DPR0480H,MIGUEL HIDALGO,TEPEACA,SAN PEDRO LA JOYA,1. DOCENTE,DOCENTE: MAESTRA O MAESTRO DE GRUPO,JORNADA,03 - EDUCACION PRIMARIA,N/A,N/A,NINGUNA,TEPEACA,,,
,FEDERAL,21DPR2818O,IGNACIO ZARAGOZA,PALMAR DE BRAVO,SAN MIGUEL XALTEPEC,1. DOCENTE,DOCENTE: MAESTRA O MAESTRO DE GRUPO,JORNADA,03 - EDUCACION PRIMARIA,N/A,N/A,NINGUNA,CIUDAD SERD�N,,,
,FEDERAL,21DPR1953M,MIGUEL HIDALGO,QUECHOLAC,GUADALUPE ENRIQUEZ,1. DOCENTE,DOCENTE: MAESTRA O MAESTRO DE GRUPO,JORNADA,03 - EDUCACION PRIMARIA,N/A,N/A,NINGUNA,TEPEACA,,,
,FEDERAL,21DPR2747K,BENITO JUAREZ,CUAPIAXTLA DE MADERO,MIGUEL NEGRETE,1. DOCENTE,DOCENTE: MAESTRA O MAESTRO DE GRUPO,JORNADA,03 - EDUCACION PRIMARIA,N/A,N/A,NINGUNA,TEPEACA,,,
,FEDERAL,21DPR1552R,GENERAL IGNACIO ZARAGOZA,SAN DIEGO LA MESA TOCHIMILTZINGO,TOCHIMILTZINGO,1. DOCENTE,DOCENTE: MAESTRA O MAESTRO DE GRUPO,JORNADA,03 - EDUCACION PRIMARIA,N/A,N/A,NINGUNA,ATLIXCO,,,
,FEDERAL,21DPR2458T,IGNACIO ZARAGOZA,IZ�CAR DE MATAMOROS,SAN JUAN COL�N,1. DOCENTE,DOCENTE: MAESTRA O MAESTRO DE GRUPO,JORNADA,03 - EDUCACION PRIMARIA,N/A,N/A,NINGUNA,IZ�CAR DE MATAMOROS,CAMBIO DE CENTRO DE TRABAJO POR NECESIDADES DEL SERVICIO,,
,FEDERAL,21DPR1009H,FRANCISCO I. MADERO,GUADALUPE,VISTA HERMOSA,1. DOCENTE,DOCENTE: MAESTRA O MAESTRO DE GRUPO,JORNADA,03 - EDUCACION PRIMARIA,N/A,N/A,NINGUNA,ACATL�N,,,
,FEDERAL,21DPR0883A,EMILIANO ZAPATA,ZIHUATEUTLA,CERRO VERDE,1. DOCENTE,DOCENTE: MAESTRA O MAESTRO DE GRUPO,JORNADA,03 - EDUCACION PRIMARIA,N/A,N/A,NINGUNA,HUAUCHINANGO,,,
,FEDERAL,21DPR0653I,IGNACIO ZARAGOZA,PAHUATLAN,SAN PABLITO,1. DOCENTE,DOCENTE: MAESTRA O MAESTRO DE GRUPO,JORNADA,03 - EDUCACION PRIMARIA,N/A,N/A,NINGUNA,HUAUCHINANGO,,,
,FEDERAL,21DPR0709U,16 DE SEPTIEMBRE,TOCHTEPEC,SAN MARTIN CALTENCO,1. DOCENTE,DOCENTE: MAESTRA O MAESTRO DE GRUPO,JORNADA,03 - EDUCACION PRIMARIA,N/A,N/A,NINGUNA,TEPEACA,,,
,FEDERAL,21DPR0480H,MIGUEL HIDALGO,TEPEACA,SAN PEDRO LA JOYA,1. DOCENTE,DOCENTE: MAESTRA O MAESTRO DE GRUPO,JORNADA,03 - EDUCACION PRIMARIA,N/A,N/A,NINGUNA,TEPEACA,,,
,FEDERAL,21DPR0380I,EMILIO CARRANZA,TECALI DE HERRERA,SAN BUENAVENTURA TETLANANCA,1. DOCENTE,DOCENTE: MAESTRA O MAESTRO DE GRUPO,JORNADA,03 - EDUCACION PRIMARIA,N/A,N/A,NINGUNA,TEPEACA,,,
,FEDERAL,21DPR2818O,IGNACIO ZARAGOZA,PALMAR DE BRAVO,SAN MIGUEL XALTEPEC,1. DOCENTE,DOCENTE: MAESTRA O MAESTRO DE GRUPO,JORNADA,03 - EDUCACION PRIMARIA,N/A,N/A,NINGUNA,CIUDAD SERD�N,,,
,FEDERAL,21DPR3033V,IGNACIO ZARAGOZA,TEPEMAXALCO,SAN FELIPE TEPEMAXALCO,1. DOCENTE,DOCENTE: MAESTRA O MAESTRO DE GRUPO,JORNADA,03 - EDUCACION PRIMARIA,N/A,N/A,NINGUNA,IZ�CAR DE MATAMOROS,,,
,FEDERAL,21DPR1572E,IGNACIO ALLENDE,HUATLATLAUCA,TEPETZITZINTLA,1. DOCENTE,DOCENTE: MAESTRA O MAESTRO DE GRUPO,JORNADA,03 - EDUCACION PRIMARIA,N/A,N/A,NINGUNA,TEPEXI DE RODR�GUEZ,,,
,FEDERAL,21DPR2747K,BENITO JUAREZ,CUAPIAXTLA DE MADERO,MIGUEL NEGRETE,1. DOCENTE,DOCENTE: MAESTRA O MAESTRO DE GRUPO,JORNADA,03 - EDUCACION PRIMARIA,N/A,N/A,NINGUNA,TEPEACA,,,
,FEDERAL,21DPR1327U,EMILIANO ZAPATA,COATZINGO,SAN VICENTE,1. DOCENTE,DOCENTE: MAESTRA O MAESTRO DE GRUPO,JORNADA,03 - EDUCACION PRIMARIA,N/A,N/A,NINGUNA,IZ�CAR DE MATAMOROS,,,
,FEDERAL,21DPR0475W,FRANCISCO I. MADERO,TEPEACA,SAN FRANCISCO BUENAVISTA,1. DOCENTE,DOCENTE: MAESTRA O MAESTRO DE GRUPO,JORNADA,03 - EDUCACION PRIMARIA,N/A,N/A,NINGUNA,TEPEACA,,,
,FEDERAL,21DPR2325C,MIGUEL ALEMAN,ACATZINGO,NICOLAS BRAVO,1. DOCENTE,DOCENTE: MAESTRA O MAESTRO DE GRUPO,JORNADA,03 - EDUCACION PRIMARIA,N/A,N/A,NINGUNA,TEPEACA,,,
,FEDERAL,21DPR2325C,MIGUEL ALEMAN,ACATZINGO,NICOLAS BRAVO,1. DOCENTE,DOCENTE: MAESTRA O MAESTRO DE GRUPO,JORNADA,03 - EDUCACION PRIMARIA,N/A,N/A,NINGUNA,TEPEACA,,,
,FEDERAL,21DPR2313Y,5 DE MAYO,ACATZINGO,SAN SEBASTIAN VILLANUEVA,1. DOCENTE,DOCENTE: MAESTRA O MAESTRO DE GRUPO,JORNADA,03 - EDUCACION PRIMARIA,N/A,N/A,NINGUNA,TEPEACA,,,
,FEDERAL,21DPR0786Z,MARIANO MATAMOROS,ZACAPALA,SAN MATEO MIMIAPAN,1. DOCENTE,DOCENTE: MAESTRA O MAESTRO DE GRUPO,JORNADA,03 - EDUCACION PRIMARIA,N/A,N/A,NINGUNA,TEPEXI DE RODR�GUEZ,,,
,FEDERAL,21DPR0468M,IGNACIO ZARAGOZA,TEPEACA,�LVARO OBREG�N (SANTA MAR�A GOROZPE),1. DOCENTE,DOCENTE: MAESTRA O MAESTRO DE GRUPO,JORNADA,03 - EDUCACION PRIMARIA,N/A,N/A,NINGUNA,TEPEACA,,,
,FEDERAL,21DPR0484D,RODOLFO SANCHEZ TABOADA,TEPEACA,VICENTE GUERRERO,1. DOCENTE,DOCENTE: MAESTRA O MAESTRO DE GRUPO,JORNADA,03 - EDUCACION PRIMARIA,N/A,N/A,NINGUNA,TEPEACA,,,
,FEDERAL,21DPR2850X,MIGUEL HIDALGO,TECAMACHALCO,LA PURISIMA DE HIDALGO,1. DOCENTE,DOCENTE: MAESTRA O MAESTRO DE GRUPO,JORNADA,03 - EDUCACION PRIMARIA,N/A,N/A,NINGUNA,TEPEACA,,,
,FEDERAL,21DPR1092X,ESTADOS UNIDOS MEXICANOS,PALMAR DE BRAVO,BELLAVISTA DE VICTORIA (SAN JOSE BELLAVISTA),1. DOCENTE,DOCENTE: MAESTRA O MAESTRO DE GRUPO,JORNADA,03 - EDUCACION PRIMARIA,N/A,N/A,NINGUNA,CIUDAD SERD�N,,,
,FEDERAL,21DPR1555O,IGNACIO ALLENDE,CUAUTINCHAN,SAN JERONIMO ALMOLOYA,1. DOCENTE,DOCENTE: MAESTRA O MAESTRO DE GRUPO,JORNADA,03 - EDUCACION PRIMARIA,N/A,N/A,NINGUNA,TEPEACA,,,
,FEDERAL,21DPR3725F,HERMANOS SERDAN,PUEBLA,GUADALUPE TLATELPA,1. DOCENTE,DOCENTE: MAESTRA O MAESTRO DE GRUPO,JORNADA,03 - EDUCACION PRIMARIA,N/A,N/A,NINGUNA,PUEBLA SUR,,,
,FEDERAL,21DPR0725L,REVOLUCION,VICENTE GUERRERO,ALHUACA,1. DOCENTE,DOCENTE: MAESTRA O MAESTRO DE GRUPO,JORNADA,03 - EDUCACION PRIMARIA,N/A,N/A,NINGUNA,TEHUAC�N,,,
,FEDERAL,21DPR1556N,LEONA VICARIO,CUAUTINCH�N,ALPATL�HUAC (SAN PEDRO ALPATL�HUAC),1. DOCENTE,DOCENTE: MAESTRA O MAESTRO DE GRUPO,JORNADA,03 - EDUCACION PRIMARIA,N/A,N/A,NINGUNA,TEPEACA,,,
,FEDERAL,21DPR0782C,JOSE MARIA MORELOS,YEHUALTEPEC,SAN MIGUEL ZOZUTLA,1. DOCENTE,DOCENTE: MAESTRA O MAESTRO DE GRUPO,JORNADA,03 - EDUCACION PRIMARIA,N/A,N/A,NINGUNA,TEPEACA,,,
,FEDERAL,21DPR2850X,MIGUEL HIDALGO,TECAMACHALCO,LA PURISIMA DE HIDALGO,1. DOCENTE,DOCENTE: MAESTRA O MAESTRO DE GRUPO,JORNADA,03 - EDUCACION PRIMARIA,N/A,N/A,NINGUNA,TEPEACA,,,
,FEDERAL,21DPR0384E,REPUBLICA ARGENTINA,TECALI DE HERRERA,CONCEPCION CUAUTLA,1. DOCENTE,DOCENTE: MAESTRA O MAESTRO DE GRUPO,JORNADA,03 - EDUCACION PRIMARIA,N/A,N/A,NINGUNA,TEPEACA,,,
,FEDERAL,21DPR0653I,IGNACIO ZARAGOZA,PAHUATLAN,SAN PABLITO,1. DOCENTE,DOCENTE: MAESTRA O MAESTRO DE GRUPO,JORNADA,03 - EDUCACION PRIMARIA,N/A,N/A,NINGUNA,HUAUCHINANGO,,,
,FEDERAL,21DPR3563K,ANDRES QUINTANA ROO,GENERAL FELIPE ANGELES,SANTA URSULA CHICONQUIAC,1. DOCENTE,DOCENTE: MAESTRA O MAESTRO DE GRUPO,JORNADA,03 - EDUCACION PRIMARIA,N/A,N/A,NINGUNA,TEPEACA,,,
,FEDERAL,21DPR1555O,IGNACIO ALLENDE,CUAUTINCHAN,SAN JERONIMO ALMOLOYA,1. DOCENTE,DOCENTE: MAESTRA O MAESTRO DE GRUPO,JORNADA,03 - EDUCACION PRIMARIA,N/A,N/A,NINGUNA,TEPEACA,,,
,FEDERAL,21DPR3690G,CARLOS CAMACHO ESPIRITU,QUECHOLAC,SAN SIMON DE BRAVO,1. DOCENTE,DOCENTE: MAESTRA O MAESTRO DE GRUPO,JORNADA,03 - EDUCACION PRIMARIA,N/A,N/A,NINGUNA,TEPEACA,,,
,FEDERAL,21DPR3707Q,RICARDO REYES MARQUEZ,QUECHOLAC,PALMARITO TOCHAPAN,1. DOCENTE,DOCENTE: MAESTRA O MAESTRO DE GRUPO,JORNADA,03 - EDUCACION PRIMARIA,N/A,N/A,NINGUNA,TEPEACA,,,
,FEDERAL,21DPR0468M,IGNACIO ZARAGOZA,TEPEACA,�LVARO OBREG�N (SANTA MAR�A GOROZPE),1. DOCENTE,DOCENTE: MAESTRA O MAESTRO DE GRUPO,JORNADA,03 - EDUCACION PRIMARIA,N/A,N/A,NINGUNA,TEPEACA,,,
,FEDERAL,21DPR2325C,MIGUEL ALEMAN,ACATZINGO,NICOLAS BRAVO,1. DOCENTE,DOCENTE: MAESTRA O MAESTRO DE GRUPO,JORNADA,03 - EDUCACION PRIMARIA,N/A,N/A,NINGUNA,TEPEACA,,,
,FEDERAL,21DPR0653I,IGNACIO ZARAGOZA,PAHUATLAN,SAN PABLITO,1. DOCENTE,DOCENTE: MAESTRA O MAESTRO DE GRUPO,JORNADA,03 - EDUCACION PRIMARIA,N/A,N/A,NINGUNA,HUAUCHINANGO,,,
,FEDERAL,21DPR0263T,JOSE MARIA MORELOS,QUECHOLAC,SAN BARTOLOME COSCOMAYA,1. DOCENTE,DOCENTE: MAESTRA O MAESTRO DE GRUPO,JORNADA,03 - EDUCACION PRIMARIA,N/A,N/A,NINGUNA,TEPEACA,,,
,FEDERAL,21DPR0076Z,AGUSTIN DE ITURBIDE,ACATZINGO,ACATZINGO DE HIDALGO,1. DOCENTE,DOCENTE: MAESTRA O MAESTRO DE GRUPO,JORNADA,03 - EDUCACION PRIMARIA,N/A,N/A,NINGUNA,TEPEACA,,,
,FEDERAL,21DPR0653I,IGNACIO ZARAGOZA,PAHUATLAN,SAN PABLITO,1. DOCENTE,DOCENTE: MAESTRA O MAESTRO DE GRUPO,JORNADA,03 - EDUCACION PRIMARIA,N/A,N/A,NINGUNA,HUAUCHINANGO,,,
,FEDERAL,21DPR1883H,GENERAL LAZARO CARDENAS,SAN SALVADOR EL VERDE,SAN LUCAS EL GRANDE,2. DIRECTOR,DIRECCION: DIRECTORA O DIRECTOR,JORNADA,03 - EDUCACION PRIMARIA,N/A,N/A,NINGUNA,SAN MART�N TEXMELUCAN,,,
,FEDERAL,21DPR0399G,CADETE VICENTE SUAREZ,TECAMACHALCO,SAN BALTAZAR,2. DIRECTOR,DIRECCION: DIRECTORA O DIRECTOR,JORNADA,03 - EDUCACION PRIMARIA,N/A,N/A,NINGUNA,TEPEACA,,,
,FEDERAL,21DPR2325C,MIGUEL ALEMAN,ACATZINGO,NICOL�S BRAVO,2. DIRECTOR,DIRECCION: DIRECTORA O DIRECTOR,JORNADA,03 - EDUCACION PRIMARIA,N/A,N/A,NINGUNA,TEPEACA,CAMBIO DE CENTRO DE TRABAJO POR NECESIDADES DEL SERVICIO,,
,FEDERAL,21DPR2398V,MIGUEL HIDALGO,NOPALUCAN,SANTA MAR�A IXTIYUCAN,2. DIRECTOR,DIRECCION: DIRECTORA O DIRECTOR,JORNADA,03 - EDUCACION PRIMARIA,N/A,N/A,NINGUNA,LIBRES,,,
,FEDERAL,21DPR2303R,JUSTO SIERRA,AJALPAN,HUITZMALOC,2. DIRECTOR,DIRECCION: DIRECTORA O DIRECTOR,JORNADA,03 - EDUCACION PRIMARIA,N/A,N/A,NINGUNA,TEHUAC�N,,,
,FEDERAL,21DPR3445W,MEXICO,RAFAEL LARA GRAJALES,M�XIMO SERD�N,2. DIRECTOR,DIRECCION: DIRECTORA O DIRECTOR,JORNADA,03 - EDUCACION PRIMARIA,N/A,N/A,NINGUNA,LIBRES,,,
,FEDERAL,21DPR0655G,LICENCIADO BENITO JUAREZ,TLAOLA,CUTZONTIPA,2. DIRECTOR,DIRECCION: DIRECTORA O DIRECTOR,JORNADA,03 - EDUCACION PRIMARIA,N/A,N/A,NINGUNA,HUAUCHINANGO,,,
,FEDERAL,21DPR2380W,GENERAL FRANCISCO MURGUIA,XICOTEPEC,VILLA �VILA CAMACHO (LA CEIBA),2. DIRECTOR,DIRECCION: DIRECTORA O DIRECTOR,JORNADA,03 - EDUCACION PRIMARIA,N/A,N/A,NINGUNA,HUAUCHINANGO,,,
,FEDERAL,21DPR2671L,MOTOLINIA,TLALTENANGO,TLALTENANGO,2. DIRECTOR,DIRECCION: DIRECTORA O DIRECTOR,JORNADA,03 - EDUCACION PRIMARIA,N/A,N/A,NINGUNA,SAN MART�N TEXMELUCAN,,,
,FEDERAL,21DPR2216W,CUAUHTEMOC,HUAUCHINANGO,XALTEPEC,2. DIRECTOR,DIRECCION: DIRECTORA O DIRECTOR,JORNADA,03 - EDUCACION PRIMARIA,N/A,N/A,NINGUNA,HUAUCHINANGO,,,
,FEDERAL,21DPR0971V,AQUILES SERDAN,XICOTEPEC,EL TABACAL,2. DIRECTOR,DIRECCION: DIRECTORA O DIRECTOR,JORNADA,03 - EDUCACION PRIMARIA,N/A,N/A,NINGUNA,HUAUCHINANGO,SE MODIFICA LOCALIDAD CORRECTA,,
,FEDERAL,21DPR2142V,GABINO BARREDA,FRANCISCO Z. MENA,LA PAHUA,2. DIRECTOR,DIRECCION: DIRECTORA O DIRECTOR,JORNADA,03 - EDUCACION PRIMARIA,N/A,N/A,NINGUNA,HUAUCHINANGO,,,
,FEDERAL,21DPR0608W,VICENTE GUERRERO,TLACUILOTEPEC,ITZATLAN,2. DIRECTOR,DIRECCION: DIRECTORA O DIRECTOR,JORNADA,03 - EDUCACION PRIMARIA,N/A,N/A,NINGUNA,HUAUCHINANGO,,,
,FEDERAL,21DPR1063B,EL PENSADOR MEXICANO,TLAOLA,XOCHINANACATLAN,2. DIRECTOR,DIRECCION: DIRECTORA O DIRECTOR,JORNADA,03 - EDUCACION PRIMARIA,N/A,N/A,NINGUNA,HUAUCHINANGO,,,
,FEDERAL,21DPR2524B,IGNACIO ZARAGOZA,JOLALPAN,HUACHINANTLA,2. DIRECTOR,DIRECCION: DIRECTORA O DIRECTOR,JORNADA,03 - EDUCACION PRIMARIA,N/A,N/A,NINGUNA,IZ�CAR DE MATAMOROS,,,
,FEDERAL,21DPR2007Q,BENITO JUAREZ,XICOTEPEC,VILLA �VILA CAMACHO (LA CEIBA),2. DIRECTOR,DIRECCION: DIRECTORA O DIRECTOR,JORNADA,03 - EDUCACION PRIMARIA,N/A,N/A,NINGUNA,HUAUCHINANGO,,,
,FEDERAL,21DPR3038Q,SALVADOR DIAZ MIRON,VENUSTIANO CARRANZA,VENUSTIANO CARRANZA,2. DIRECTOR,DIRECCION: DIRECTORA O DIRECTOR,JORNADA,03 - EDUCACION PRIMARIA,N/A,N/A,NINGUNA,HUAUCHINANGO,,,
,FEDERAL,21DPR0650L,JOSE MARIA MORELOS,TLAHUAPAN,SANTIAGO COLTZINGO,2. DIRECTOR,DIRECCION: DIRECTORA O DIRECTOR,JORNADA,03 - EDUCACION PRIMARIA,N/A,N/A,NINGUNA,SAN MART�N TEXMELUCAN,,,
,FEDERAL,21DPR1807B,HERMANOS FLORES MAGON,ELOXOCHITLAN,LOMA BONITA,2. DIRECTOR,DIRECCION: DIRECTORA O DIRECTOR,JORNADA,03 - EDUCACION PRIMARIA,N/A,N/A,NINGUNA,TEHUAC�N,,,
,FEDERAL,21DPR0973T,AQUILES SERDAN,YEHUALTEPEC,YEHUALTEPEC,2. DIRECTOR,DIRECCION: DIRECTORA O DIRECTOR,JORNADA,03 - EDUCACION PRIMARIA,N/A,N/A,NINGUNA,TEPEACA,,,
,FEDERAL,21DPR0906V,EMILIANO ZAPATA,ACATZINGO,ACATZINGO DE HIDALGO,2. DIRECTOR,DIRECCION: DIRECTORA O DIRECTOR,JORNADA,03 - EDUCACION PRIMARIA,N/A,N/A,NINGUNA,TEPEACA,,,
,FEDERAL,21DPR1250W,PEDRO MOLINA CORONA,ZACAPOAXTLA,COMALTEPEC,2. DIRECTOR,DIRECCION: DIRECTORA O DIRECTOR (INTERNADO),JORNADA,03 - EDUCACION PRIMARIA,N/A,N/A,INTERNADO DE NIVEL PRIMARIA,ZACAPOAXTLA,,,
,FEDERAL,21DPR2509J,IGNACIO ALLENDE,IXTACAMAXTITL�N,TATENO,2. DIRECTOR,DIRECCION: DIRECTORA O DIRECTOR,JORNADA,03 - EDUCACION PRIMARIA,N/A,N/A,NINGUNA,CHIGNAHUAPAN,,,
,FEDERAL,21DPR0661R,MTRO. MANUEL ALVAREZ,TLAPANAL�,SANTO DOMINGO AYOTLICHA,2. DIRECTOR,DIRECCION: DIRECTORA O DIRECTOR,JORNADA,03 - EDUCACION PRIMARIA,N/A,N/A,NINGUNA,IZ�CAR DE MATAMOROS,CAMBIO DE CENTRO DE TRABAJO POR NECESIDADES DEL SERVICIO,,
,FEDERAL,21DPR0058J,EMILIANO ZAPATA,SAN MART�N TEXMELUCAN,SANTA MAR�A MOYOTZINGO,2. DIRECTOR,DIRECCION: DIRECTORA O DIRECTOR,JORNADA,03 - EDUCACION PRIMARIA,N/A,N/A,NINGUNA,SAN MART�N TEXMELUCAN,CAMBIO DE CENTRO DE TRABAJO POR NECESIDADES DEL SERVICIO,,
,FEDERAL,21DPR3443Y,21 DE MARZO DE 1806,NOPALUCAN,SANTA MARIA IXTIYUCAN,2. DIRECTOR,DIRECCION: DIRECTORA O DIRECTOR,JORNADA,03 - EDUCACION PRIMARIA,N/A,N/A,NINGUNA,LIBRES,,,
,FEDERAL,21DPR0611J,AQUILES SERDAN,TLACUILOTEPEC,PAPALOCTIPAN,2. DIRECTOR,DIRECCION: DIRECTORA O DIRECTOR,JORNADA,03 - EDUCACION PRIMARIA,N/A,N/A,NINGUNA,HUAUCHINANGO,,,
,FEDERAL,21DPR2845L,MIGUEL ALEMAN,XICOTEPEC,SANTA RITA,2. DIRECTOR,DIRECCION: DIRECTORA O DIRECTOR,JORNADA,03 - EDUCACION PRIMARIA,N/A,N/A,NINGUNA,HUAUCHINANGO,,,
,FEDERAL,21DPR1939T,VICENTE GUERRERO,PALMAR DE BRAVO,LA PURISIMA,2. DIRECTOR,DIRECCION: DIRECTORA O DIRECTOR,JORNADA,03 - EDUCACION PRIMARIA,N/A,N/A,NINGUNA,CIUDAD SERD�N,,,
,FEDERAL,21DPR0895F,IGNACIO ALLENDE,ZOQUITL�N,COYOLAPA,2. DIRECTOR,DIRECCION: DIRECTORA O DIRECTOR,JORNADA,03 - EDUCACION PRIMARIA,N/A,N/A,NINGUNA,TEHUAC�N,,,
,FEDERAL,21DPR2482T,IGNACIO MANUEL ALTAMIRANO,JALPAN,PIEDRAS NEGRAS,2. DIRECTOR,DIRECCION: DIRECTORA O DIRECTOR,JORNADA,03 - EDUCACION PRIMARIA,N/A,N/A,NINGUNA,HUAUCHINANGO,,,
,FEDERAL,21DPR2093C,MELCHOR OCAMPO,CUAYUCA DE ANDRADE,SAN PEDRO CUAYUCA,2. DIRECTOR,DIRECCION: DIRECTORA O DIRECTOR,JORNADA,03 - EDUCACION PRIMARIA,N/A,N/A,NINGUNA,ACATL�N,,,
,FEDERAL,21DPR2429Y,NETZAHUALCOYOTL,NAUPAN,NAUPAN,2. DIRECTOR,DIRECCION: DIRECTORA O DIRECTOR,JORNADA,03 - EDUCACION PRIMARIA,N/A,N/A,NINGUNA,HUAUCHINANGO,,,
,FEDERAL,21DPR1583K,CASTULO MENESES,CHIGNAHUAPAN,EL PARED�N,2. DIRECTOR,DIRECCION: DIRECTORA O DIRECTOR,JORNADA,03 - EDUCACION PRIMARIA,N/A,N/A,NINGUNA,CHIGNAHUAPAN,,,
,FEDERAL,21DPR1659J,MELCHOR OCAMPO,TLAOLA,TLAOLA,2. DIRECTOR,DIRECCION: DIRECTORA O DIRECTOR,JORNADA,03 - EDUCACION PRIMARIA,N/A,N/A,NINGUNA,HUAUCHINANGO,,,
,FEDERAL,21DPR2010D,EMILIANO ZAPATA,JOLALPAN,JOLALPAN,2. DIRECTOR,DIRECCION: DIRECTORA O DIRECTOR,JORNADA,03 - EDUCACION PRIMARIA,N/A,N/A,NINGUNA,IZ�CAR DE MATAMOROS,,,
,FEDERAL,21DPR1953M,MIGUEL HIDALGO,QUECHOLAC,GUADALUPE ENRIQUEZ,2. DIRECTOR,DIRECCION: DIRECTORA O DIRECTOR,JORNADA,03 - EDUCACION PRIMARIA,N/A,N/A,NINGUNA,TEPEACA,,,
,FEDERAL,21DPR3532R,CUITLAHUAC,GENERAL FELIPE ANGELES,SANTIAGO TENANGO,2. DIRECTOR,DIRECCION: DIRECTORA O DIRECTOR,JORNADA,03 - EDUCACION PRIMARIA,N/A,N/A,NINGUNA,TEPEACA,,,
,FEDERAL,21DPR3442Z,TIERRA Y LIBERTAD,XICOTEPEC,EL PORVENIR EJIDO,2. DIRECTOR,DIRECCION: DIRECTORA O DIRECTOR,JORNADA,03 - EDUCACION PRIMARIA,N/A,N/A,NINGUNA,HUAUCHINANGO,,,
,FEDERAL,21DPR1007J,LAZARO CARDENAS,TECAMACHALCO,LA PURISIMA DE HIDALGO,2. DIRECTOR,DIRECCION: DIRECTORA O DIRECTOR,JORNADA,03 - EDUCACION PRIMARIA,N/A,N/A,NINGUNA,TEPEACA,,,
,FEDERAL,21DPR3529D,TIERRA Y LIBERTAD,TOCHIMILCO,SAN ANTONIO ALPANOCAN,2. DIRECTOR,DIRECCION: DIRECTORA O DIRECTOR,JORNADA,03 - EDUCACION PRIMARIA,N/A,N/A,NINGUNA,ATLIXCO,,,
,FEDERAL,21DPR2974F,GENERAL VICENTE GUERRERO,VICENTE GUERRERO,SANTA MARIA DEL MONTE,2. DIRECTOR,DIRECCION: DIRECTORA O DIRECTOR,JORNADA,03 - EDUCACION PRIMARIA,N/A,N/A,NINGUNA,TEHUAC�N,,,
,FEDERAL,21DPR2890Y,TENOCHTITLAN,YEHUALTEPEC,SAN GABRIEL TETZOYOCAN,2. DIRECTOR,DIRECCION: DIRECTORA O DIRECTOR,JORNADA,03 - EDUCACION PRIMARIA,N/A,N/A,NINGUNA,TEPEACA,,,
,FEDERAL,21DPR0324Q,BENITO JUAREZ,SAN NICOLAS DE LOS RANCHOS,SANTIAGO XALITZINTLA,2. DIRECTOR,DIRECCION: DIRECTORA O DIRECTOR,JORNADA,03 - EDUCACION PRIMARIA,N/A,N/A,NINGUNA,CHOLULA,,,
,FEDERAL,21DPR0318F,JOSE MARIA MORELOS,SAN MART�N TEXMELUCAN,SANTA MAR�A MOYOTZINGO,3. SUBDIRECTOR,SUBDIRECTOR: SUBDIRECTORA O SUBDIRECTOR DE GESTI�N,JORNADA,03 - EDUCACION PRIMARIA,NO APLICA,N/A,SUBTIPO DE GESTI�N,SAN MART�N TEXMELUCAN,,,
,FEDERAL,21DPR1026Y,ESCUDO NACIONAL,TEHUAC�N,TEHUAC�N,3. SUBDIRECTOR,SUBDIRECTOR: SUBDIRECTORA O SUBDIRECTOR  DE GESTI�N,JORNADA,03 - EDUCACION PRIMARIA,NO APLICA,N/A,SUBTIPO DE GESTI�N,TEHUAC�N,,,
,FEDERAL,21FIZ1036B,SUPERVISION DE ZONA DE EDUCACION 03 - EDUCACION PRIMARIA 036,TLACHICHUCA,TLACHICHUCA,4. SUPERVISOR,SUPERVISION. SUPERVISOR,JORNADA,03 - EDUCACION PRIMARIA,N/A,N/A,NINGUNA,CIUDAD SERD�N,,,
,FEDERAL,21FIZ1018M,SUPERVISION DE ZONA DE EDUCACION 03 - EDUCACION PRIMARIA 018,CHIETLA,CHIETLA,4. SUPERVISOR,SUPERVISION. SUPERVISOR,JORNADA,03 - EDUCACION PRIMARIA,N/A,N/A,NINGUNA,IZ�CAR DE MATAMOROS,,,
,FEDERAL,21FIZ0009Y,SUPERVISION DE ZONA DE EDUCACION 03 - EDUCACION PRIMARIA 09 ZONA 185,NOPALUCAN,NOPALUCAN DE LA GRANJA,4. SUPERVISOR,SUPERVISION. SUPERVISOR,JORNADA,03 - EDUCACION PRIMARIA,N/A,N/A,NINGUNA,LIBRES,,,
,FEDERAL,21FIZ1176B,SUPERVISION DE ZONA DE EDUCACION PRIMARIA GENERAL 176,ACATLAN,ACATLAN DE OSORIO,4. SUPERVISOR,SUPERVISION. SUPERVISOR,JORNADA,03 - EDUCACION PRIMARIA,N/A,N/A,NINGUNA,ACATL�N,,,
,FEDERAL,21FIZ1133D,SUPERVISION DE ZONA DE EDUCACION PRIMARIA GENERAL  133,IZ�CAR DE MATAMOROS,AYUTLA (SAN FELIPE AYUTLA),4. SUPERVISOR,SUPERVISION. SUPERVISOR,JORNADA,03 - EDUCACION PRIMARIA,N/A,N/A,NINGUNA,IZ�CAR DE MATAMOROS,,,
,FEDERAL,21FIZ1059M,SUPERVISION DE ZONA DE EDUCACION PRIMARIA GENERAL 059,PIAXTLA,PIAXTLA,4. SUPERVISOR,SUPERVISION. SUPERVISOR,JORNADA,03 - EDUCACION PRIMARIA,N/A,N/A,NINGUNA,ACATL�N,,,
,FEDERAL,21FIZ1105H,SUPERVISION DE ZONA DE EDUCACION PRIMARIA GENERAL 105,CHIETLA,ATENCINGO,4. SUPERVISOR,SUPERVISION. SUPERVISOR,JORNADA,03 - EDUCACION PRIMARIA,N/A,N/A,NINGUNA,IZ�CAR DE MATAMOROS,,,
,FEDERAL,21FIZ1054R,SUPERVISION DE ZONA DE EDUCACION PRIMARIA GENERAL 054,TULCINGO,TULCINGO DE VALLE,4. SUPERVISOR,SUPERVISION. SUPERVISOR,JORNADA,03 - EDUCACION PRIMARIA,N/A,N/A,NINGUNA,ACATL�N,,,
,FEDERAL,21FIZ1045J,SUPERVISION DE ZONA DE EDUCACION PRIMARIA GENERAL 45,TOCHIMILCO,TOCHIMILCO,4. SUPERVISOR,SUPERVISION. SUPERVISOR,JORNADA,03 - EDUCACION PRIMARIA,N/A,N/A,NINGUNA,ATLIXCO,,,
,FEDERAL,21FJS0711L,JEFATURA DE SECTOR NUM 11,TEPEACA,TEPEACA,5. JEFE DE SECTOR,SUPERVISI�N. JEFE DE SECTOR,JORNADA,03 - EDUCACION PRIMARIA,NO APLICA,N/A,NINGUNA,TEPEACA,,,
,FEDERAL,21DPR2367B,BENITO JUAREZ,AMOZOC,SAN MATEO,1. DOCENTE,DOCENTE: MAESTRA O MAESTRO DE GRUPO,JORNADA,03 - EDUCACION PRIMARIA,N/A,N/A,NINGUNA,TEPEACA,SE ANEXA CENTRO DE TRABAJO FALTANTE DE COD 09 NO CONTEMPLADO,,
,FEDERAL,21DPR0956C,EMILIANO ZAPATA,HUAQUECHULA,SANTA ANA COATEPEC,1. DOCENTE,DOCENTE: MAESTRA O MAESTRO DE GRUPO,JORNADA,03 - EDUCACION PRIMARIA,N/A,N/A,NINGUNA,ATLIXCO,SE ANEXA CENTRO DE TRABAJO FALTANTE DE COD 09 NO CONTEMPLADO,,
,FEDERAL,21DPR0950I,IGNACIO ZARAGOZA,ATLIXCO,ATLIXCO,1. DOCENTE,DOCENTE: MAESTRA O MAESTRO DE GRUPO,JORNADA,03 - EDUCACION PRIMARIA,N/A,N/A,NINGUNA,ATLIXCO,SE ANEXA CENTRO DE TRABAJO FALTANTE DE COD 09 NO CONTEMPLADO,,
,FEDERAL,21DPR0615F,IGNACIO ZARAGOZA,TLACUILOTEPEC,TLACUILOTEPEC,1. DOCENTE,DOCENTE: MAESTRA O MAESTRO DE GRUPO,JORNADA,03 - EDUCACION PRIMARIA,N/A,N/A,NINGUNA,HUAUCHINANGO,SE ANEXA CENTRO DE TRABAJO FALTANTE DE COD 09 NO CONTEMPLADO,,
,FEDERAL,21DPR3690G,CARLOS CAMACHO ESPIRITU,QUECHOLAC,SAN SIM�N DE BRAVO,1. DOCENTE,DOCENTE: MAESTRA O MAESTRO DE GRUPO,JORNADA,03 - EDUCACION PRIMARIA,N/A,N/A,NINGUNA,TEPEACA,SE ANEXA CENTRO DE TRABAJO FALTANTE DE COD 09 NO CONTEMPLADO,,
,FEDERAL,21DPR0404B,REPUBLICA DE CUBA,TECAMACHALCO,SANTA ROSA,1. DOCENTE,DOCENTE: MAESTRA O MAESTRO DE GRUPO,JORNADA,03 - EDUCACION PRIMARIA,N/A,N/A,NINGUNA,TEPEACA,SE ANEXA CENTRO DE TRABAJO FALTANTE DE COD 09 NO CONTEMPLADO,,
,FEDERAL,21DPR2341U,RAFAEL AVILA CAMACHO,ACATENO,JILIAPAN,1. DOCENTE,DOCENTE: MAESTRA O MAESTRO DE GRUPO,JORNADA,03 - EDUCACION PRIMARIA,N/A,N/A,NINGUNA,TEZIUTLAN,SE ANEXA CENTRO DE TRABAJO FALTANTE DE COD 09 NO CONTEMPLADO,,
,FEDERAL,21DPR1538Y,JUVENTINO ROSAS,ATLIXCO,SAN JER�NIMO CALERAS,1. DOCENTE,DOCENTE: MAESTRA O MAESTRO DE GRUPO,JORNADA,03 - EDUCACION PRIMARIA,N/A,N/A,NINGUNA,ATLIXCO,SE ANEXA CENTRO DE TRABAJO FALTANTE DE COD 09 NO CONTEMPLADO,,
,FEDERAL,21DPR0317G,VICENTE GUERRERO,SAN MART�N TEXMELUCAN,SAN RAFAEL TLANALAPAN,1. DOCENTE,DOCENTE: MAESTRA O MAESTRO DE GRUPO,JORNADA,03 - EDUCACION PRIMARIA,N/A,N/A,NINGUNA,SAN MART�N TEXMELUCAN,SE ANEXA CENTRO DE TRABAJO FALTANTE DE COD 09 NO CONTEMPLADO,,
,FEDERAL,21DPR0260W,BENITO JUAREZ,QUECHOLAC,LA COMPA��A,1. DOCENTE,DOCENTE: MAESTRA O MAESTRO DE GRUPO,JORNADA,03 - EDUCACION PRIMARIA,N/A,N/A,NINGUNA,TEPEACA,SE ANEXA CENTRO DE TRABAJO FALTANTE DE COD 09 NO CONTEMPLADO,,
,FEDERAL,21DPR3697Z,MIGUEL HIDALGO Y COSTILLA,PUEBLA,HEROICA PUEBLA DE ZARAGOZA,1. DOCENTE,DOCENTE: MAESTRA O MAESTRO DE GRUPO,JORNADA,03 - EDUCACION PRIMARIA,N/A,N/A,NINGUNA,PUEBLA PONIENTE,SE ANEXA CENTRO DE TRABAJO FALTANTE DE COD 09 NO CONTEMPLADO,,
,FEDERAL,21DPR3715Z,L�ZARO C�RDENAS DEL R�O,PUEBLA,6 DE JUNIO,1. DOCENTE,DOCENTE: MAESTRA O MAESTRO DE GRUPO,JORNADA,03 - EDUCACION PRIMARIA,N/A,N/A,NINGUNA,PUEBLA ORIENTE,SE ANEXA CENTRO DE TRABAJO FALTANTE DE COD 09 NO CONTEMPLADO,,
,FEDERAL,21DPR0487A,INDEPENDENCIA,TEPEOJUMA,EX-HACIENDA SAN JOS� TERUEL,2. DIRECTOR,DIRECCION: DIRECTORA O DIRECTOR,JORNADA,03 - EDUCACION PRIMARIA,N/A,N/A,NINGUNA,IZ�CAR DE MATAMOROS,SE ANEXA CENTRO DE TRABAJO FALTANTE DE COD 09 NO CONTEMPLADO,,
,FEDERAL,21DPR3661L,ANDRES QUINTANA ROO,PUEBLA,HEROICA PUEBLA DE ZARAGOZA,2. DIRECTOR,DIRECCION: DIRECTORA O DIRECTOR,JORNADA,03 - EDUCACION PRIMARIA,N/A,N/A,NINGUNA,PUEBLA ORIENTE,SE ANEXA CENTRO DE TRABAJO FALTANTE DE COD 09 NO CONTEMPLADO,,
,FEDERAL,21DPR3040E,LICENCIADO ADOLFO LOPEZ MATEOS,VENUSTIANO CARRANZA,CIUDAD DE L�ZARO C�RDENAS,2. DIRECTOR,DIRECCION: DIRECTORA O DIRECTOR,JORNADA,03 - EDUCACION PRIMARIA,N/A,N/A,NINGUNA,HUAUCHINANGO,SE ANEXA CENTRO DE TRABAJO FALTANTE DE COD 09 NO CONTEMPLADO,,
,FEDERAL,21DPR0622P,LAZARO CARDENAS,TLACHICHUCA,L�ZARO C�RDENAS,2. DIRECTOR,DIRECCION: DIRECTORA O DIRECTOR,JORNADA,03 - EDUCACION PRIMARIA,N/A,N/A,NINGUNA,CIUDAD SERD�N,SE ANEXA CENTRO DE TRABAJO FALTANTE DE COD 09 NO CONTEMPLADO,,
,FEDERAL,21DPR2401S,MIGUEL HIDALGO,HUEJOTZINGO,SANTA MAR�A NEPOPUALCO,2. DIRECTOR,DIRECCION: DIRECTORA O DIRECTOR,JORNADA,03 - EDUCACION PRIMARIA,N/A,N/A,NINGUNA,CHOLULA,SE ANEXA CENTRO DE TRABAJO FALTANTE DE COD 09 NO CONTEMPLADO,,
